Name,Team(s),G,AB,H,2B,3B,HR,BB,SB,AVG,OBP,SLG,BFW,G2,PO,A,E,DP,AVG3,Games,Played
W. Contreras,MIL,N,155,595,167,37,2,23,78,9,0.281,0.365,0.466,4.3,120,1054,37,8,2,0.993,"C120,DH35"
Salvador Perez,KC,A,158,590,160,28,0,27,44,0,0.271,0.33,0.456,1.8,91,730,25,5,7,0.993,"C91,1B49,DH24"
Yainer Diaz,HOU,A,148,585,175,29,3,16,24,2,0.299,0.325,0.441,1.5,102,919,36,4,5,0.996,"C102,DH37,1B11"
Adley Rutschman,BAL,A,148,571,143,21,1,19,58,1,0.25,0.318,0.391,0.8,103,874,37,4,4,0.996,"C103,DH45"
Cal Raleigh,SEA,A,153,546,120,16,0,34,70,6,0.22,0.312,0.436,3.4,135,1138,51,6,8,0.995,"C135,DH19"
Shea Langeliers,OAK,A,137,482,108,18,2,29,41,4,0.224,0.288,0.45,1.7,131,1007,51,5,5,0.995,"C131,DH3"
Logan O'Hoppe,ANA,A,136,479,117,17,1,20,33,2,0.244,0.303,0.409,0.5,127,962,41,6,0,0.994,"C127,DH8"
Will Smith,LA,N,128,476,118,24,2,20,51,1,0.248,0.327,0.433,2.7,121,1000,58,8,3,0.992,"C121,DH3"
Jonah Heim,TEX,A,131,459,101,12,1,13,26,1,0.22,0.267,0.336,-2.2,119,967,37,7,5,0.993,"C119,DH13"
Keibert Ruiz,WAS,N,127,459,105,21,0,13,16,3,0.229,0.26,0.359,-0.7,116,921,39,2,8,0.998,"C116,DH10"
Tyler Stephenson,CIN,N,138,457,118,26,1,19,48,1,0.258,0.338,0.444,1.1,127,945,32,4,4,0.996,"C127,DH10"
Connor Wong,BOS,A,126,447,125,24,1,13,28,8,0.28,0.333,0.425,1,106,817,41,4,3,0.995,"C106,1B14,DH10,2B6,OF1"
Ryan Jeffers,MIN,A,122,412,93,22,0,21,32,3,0.226,0.3,0.432,0,86,749,31,6,0,0.992,"C86,DH34"
Patrick Bailey,SF,N,121,401,94,16,1,8,39,4,0.234,0.298,0.339,0.7,115,904,55,3,7,0.997,"C115,DH3"
J.T. Realmuto,PHI,N,99,380,101,18,1,14,27,2,0.266,0.322,0.429,1.6,99,899,34,5,5,0.995,C99
Korey Lee,CHI,A,125,377,79,14,1,12,17,6,0.21,0.244,0.347,-1.6,113,824,33,4,4,0.995,"C113,DH9"
Bo Naylor,CLE,A,123,354,71,10,2,13,29,6,0.201,0.264,0.35,-0.5,115,894,36,6,4,0.994,"C115,DH4"
Austin Wells,NY,A,115,354,81,18,1,13,47,1,0.229,0.322,0.395,1.1,110,892,33,11,5,0.988,"C110,DH2"
Alejandro Kirk,TOR,A,103,340,86,19,1,5,35,0,0.253,0.319,0.359,1.4,93,706,46,7,6,0.991,"C93,DH6"
Freddy Fermin,KC,A,111,339,92,14,0,6,23,2,0.271,0.319,0.366,1.5,91,634,35,5,2,0.993,"C91,DH22"
Miguel Amaya,CHI,N,117,328,76,13,2,8,23,0,0.232,0.288,0.357,-0.5,116,856,31,6,3,0.993,C116
Elias Diaz,COL,"N-SD, N",96,325,86,20,0,6,20,0,0.265,0.313,0.382,-0.7,79,467,29,4,1,0.992,"C79,DH16"
Jake Rogers,DET,A,102,310,61,16,1,10,22,1,0.197,0.255,0.352,0.3,92,744,29,3,4,0.996,"C92,DH8"
F. Alvarez,NY,N,100,308,73,14,2,11,30,1,0.237,0.307,0.403,0.7,96,775,25,6,1,0.993,"C96,DH3"
Nick Fortes,MIA,N,110,308,70,16,0,4,11,0,0.227,0.259,0.318,-0.8,109,831,38,9,3,0.99,C109
Travis d'Arnaud,ATL,N,99,307,73,16,0,15,24,1,0.238,0.302,0.436,0,89,716,25,3,3,0.996,C89
Gabriel Moreno,ARI,N,97,305,81,18,1,5,41,3,0.266,0.353,0.38,0.4,93,636,31,2,4,0.997,"C93,3B1"
W. Contreras,STL,N,84,301,79,17,0,15,45,4,0.262,0.38,0.468,1.3,51,359,21,3,1,0.992,"C51,DH33"
C. Vazquez,MIN,A,93,294,65,10,0,7,11,3,0.221,0.248,0.327,-1.2,86,772,29,4,2,0.995,"C86,DH3,3B3,1B1"
Ben Rortvedt,TB,A,112,290,66,13,0,3,34,1,0.228,0.317,0.303,-1,111,755,26,9,2,0.989,"C111,P1"
Carson Kelly,DET,"A-TEX, A",91,281,67,9,1,9,25,0,0.238,0.313,0.374,0.7,84,642,33,3,8,0.996,"C84,DH8"
Danny Jansen,TOR,"A-BOS, A",92,278,57,13,0,9,40,0,0.205,0.309,0.349,-0.6,82,619,18,6,1,0.991,"C82,DH7"
Luis Campusano,SD,N,91,277,63,13,0,8,20,0,0.227,0.281,0.361,-0.1,86,697,24,3,0,0.996,"C86,1B2"
Joey Bart,PIT,N,80,253,67,11,0,13,22,0,0.265,0.337,0.462,0.3,69,498,23,4,3,0.992,"C69,DH11"
Kyle Higashioka,SD,N,84,246,54,10,1,17,15,2,0.22,0.263,0.476,0,83,669,20,9,1,0.987,C83
Victor Caratini,HOU,A,87,245,66,8,1,8,23,0,0.269,0.336,0.408,0.3,58,489,23,3,1,0.994,"C58,1B11,DH3"
Jacob Stallings,COL,N,82,243,64,17,1,9,27,0,0.263,0.357,0.453,0.9,76,506,24,7,1,0.987,"C76,DH2"
Sean Murphy,ATL,N,72,233,45,5,1,10,27,0,0.193,0.284,0.352,1.3,69,709,27,5,3,0.993,C69
Ivan Herrera,STL,N,72,229,69,12,1,5,25,5,0.301,0.372,0.428,1.4,56,476,17,3,2,0.994,"C56,DH12"
Yasmani Grandal,PIT,N,72,215,49,10,0,9,24,1,0.228,0.304,0.4,-0.4,71,568,9,7,0,0.988,"C71,1B2"
James McCann,BAL,A,66,214,50,9,0,8,13,1,0.234,0.279,0.388,-0.1,65,528,28,8,2,0.986,"C65,P1"
Jose Trevino,NY,A,74,209,45,5,0,8,20,1,0.215,0.288,0.354,-0.4,71,552,22,6,2,0.99,"C71,P2"
Pedro Pages,STL,N,68,202,48,3,2,7,13,2,0.238,0.281,0.376,-0.3,66,489,28,3,1,0.994,"C66,1B1"
Garrett Stubbs,PHI,N,56,164,34,4,1,1,17,5,0.207,0.296,0.262,-0.5,52,417,16,2,2,0.995,"C52,P4"
Matt Thaiss,ANA,A,57,157,32,9,0,2,28,3,0.204,0.323,0.299,-0.7,46,313,10,4,1,0.988,"C46,DH6"
Austin Barnes,LA,N,54,140,37,3,0,1,14,3,0.264,0.331,0.307,-0.5,45,368,10,5,2,0.987,"C45,DH3,2B2"
Kyle McCann,OAK,A,54,140,33,4,0,5,16,0,0.236,0.318,0.371,-0.3,44,288,12,4,2,0.987,"C44,DH6"
Alex Jackson,TB,A,58,139,17,7,0,3,12,1,0.122,0.201,0.237,0,58,444,18,6,2,0.987,C58
Reese McGuire,BOS,A,53,139,29,3,0,3,13,3,0.209,0.28,0.295,0.3,48,381,10,6,2,0.985,"C48,DH1"
Luke Maile,CIN,N,55,135,24,4,0,2,13,2,0.178,0.268,0.252,0.5,49,402,18,1,0,0.998,"C49,P3,DH2"
Martin Maldonado,CHI,A,48,135,16,3,0,4,8,0,0.119,0.174,0.23,-2.3,48,378,11,2,0,0.995,C48
Austin Hedges,CLE,A,66,132,20,3,0,2,6,2,0.152,0.203,0.22,-0.4,65,423,15,3,2,0.993,"C65,P1"
Luis Torrens,NY,N,48,118,27,8,0,3,9,0,0.229,0.292,0.373,0.7,44,295,20,1,2,0.997,"C44,DH2,P1"
Riley Adams,WAS,N,41,116,26,5,1,2,10,1,0.224,0.292,0.336,-0.8,40,279,10,5,2,0.983,"C40,DH1"
Curt Casali,SF,N,41,108,21,3,0,1,13,0,0.194,0.293,0.25,-0.1,41,345,20,7,0,0.981,C41
Henry Davis,PIT,N,37,104,15,4,0,1,13,0,0.144,0.242,0.212,-0.8,34,260,9,2,3,0.993,"C34,DH1"
Jose Herrera,ARI,N,42,97,22,4,1,1,9,0,0.227,0.29,0.32,0.3,40,314,7,1,1,0.997,"C40,DH1,3B1"
Yan Gomes,CHI,N,34,91,14,2,0,2,2,0,0.154,0.179,0.242,-0.8,34,245,6,0,0,1,C34
Andrew Knizner,TEX,A,37,90,15,1,0,1,1,0,0.167,0.183,0.211,-1.1,34,247,5,2,1,0.992,"C34,P2,DH1"
Dillon Dingler,DET,A,27,84,14,5,2,1,3,0,0.167,0.195,0.31,-1.4,27,168,7,1,0,0.994,C27
Ali Sanchez,MIA,N,31,84,14,2,0,0,4,2,0.167,0.211,0.19,-0.4,30,239,12,2,2,0.992,C30
Tucker Barnhart,ARI,N,31,81,14,3,0,0,13,1,0.173,0.287,0.21,-0.8,31,214,9,2,1,0.991,"C31,P1"
V. Guerrero,TOR,A,159,616,199,44,1,30,72,2,0.323,0.396,0.544,4.5,121,873,70,10,90,0.99,"1B121,DH29,3B12"
Pete Alonso,NY,N,162,608,146,31,0,34,70,3,0.24,0.329,0.459,0.9,161,1179,99,7,117,0.995,"1B161,DH1"
Matt Olson,ATL,N,162,600,148,37,1,29,71,0,0.247,0.333,0.457,0.7,162,1259,105,6,125,0.996,1B162
Paul Goldschmidt,STL,N,154,599,147,33,1,22,47,11,0.245,0.302,0.414,-1.1,150,1216,102,5,137,0.996,"1B150,DH5"
Jake Cronenworth,SD,N,155,577,139,29,3,17,61,5,0.241,0.324,0.39,-0.1,85,594,45,4,63,0.994,"1B85,2B70,DH5"
Andrew Vaughn,CHI,A,149,570,140,30,1,19,38,2,0.246,0.297,0.402,-0.9,122,816,76,4,75,0.996,"1B122,DH27"
Yandy Diaz,TB,A,145,563,158,31,1,14,50,0,0.281,0.341,0.414,-0.8,112,784,45,9,67,0.989,"1B112,DH30"
Josh Naylor,CLE,A,152,563,137,27,0,31,58,6,0.243,0.32,0.456,-0.5,137,1008,69,9,110,0.992,"1B137,DH14"
Bryce Harper,PHI,N,145,550,157,42,0,30,76,7,0.285,0.373,0.525,3,141,1050,95,5,99,0.996,"1B141,DH3"
Freddie Freeman,LA,N,147,542,153,35,2,22,78,9,0.282,0.378,0.476,3.4,147,1022,115,4,93,0.996,1B147
Jake Burger,MIA,N,137,535,134,23,1,29,31,1,0.25,0.301,0.46,-1,69,380,34,2,32,0.995,"1B69,3B59,DH26"
Carlos Santana,MIN,A,150,521,124,26,0,23,65,4,0.238,0.328,0.42,-0.2,146,998,92,4,67,0.996,"1B146,DH3"
Nolan Schanuel,ANA,A,147,519,130,19,0,13,68,10,0.25,0.343,0.362,-0.8,144,1018,76,7,127,0.994,"1B144,DH1"
Michael Busch,CHI,N,152,496,123,28,2,21,63,2,0.248,0.335,0.44,0.2,142,940,77,4,68,0.996,"1B142,DH3,2B3,3B1"
V. Pasquantino,KC,A,131,496,130,30,2,19,40,1,0.262,0.315,0.446,0.1,103,805,71,2,76,0.998,"1B103,DH25"
Nathaniel Lowe,TEX,A,140,486,129,16,1,16,71,2,0.265,0.361,0.401,0.7,138,983,92,5,73,0.995,"1B138,DH2"
Christian Walker,ARI,N,130,479,120,26,0,26,55,2,0.251,0.335,0.468,0.4,129,977,76,2,104,0.998,1B129
Ryan Mountcastle,BAL,A,124,473,128,30,2,13,27,3,0.271,0.308,0.425,0.1,114,860,74,3,57,0.997,"1B114,DH6"
Rhys Hoskins,MIL,N,131,449,96,14,0,26,53,3,0.214,0.303,0.419,-1,94,602,55,3,52,0.995,"1B94,DH37"
Ryan O'Hearn,BAL,A,142,443,117,21,3,15,46,3,0.264,0.334,0.427,0,55,304,19,5,28,0.985,"1B55,DH54,OF27"
Michael Toglia,COL,N,116,399,87,14,3,25,54,10,0.218,0.311,0.456,-0.6,107,847,69,8,96,0.991,"1B107,OF15"
Rowdy Tellez,PIT,N,132,383,93,18,0,13,31,1,0.243,0.299,0.392,-1.4,124,740,61,2,76,0.998,"1B124,P3"
Connor Joe,PIT,N,123,364,83,22,1,9,44,2,0.228,0.32,0.368,-0.6,79,370,36,1,45,0.998,"1B79,OF49,DH3"
Jon Singleton,HOU,A,119,355,83,13,1,13,47,0,0.234,0.321,0.386,-0.3,94,568,64,8,60,0.988,"1B94,DH12"
S. Torkelson,DET,A,92,342,75,21,1,10,33,0,0.219,0.295,0.374,-1.2,90,701,58,4,59,0.995,"1B90,DH2"
Anthony Rizzo,NY,A,92,337,77,12,0,8,27,0,0.228,0.301,0.335,-0.7,92,602,74,3,58,0.996,1B92
LaMonte Wade,SF,N,117,331,86,16,0,8,62,2,0.26,0.38,0.381,1.7,94,650,77,1,59,0.999,"1B94,OF12,DH4"
Spencer Horwitz,TOR,A,97,328,87,19,0,12,42,0,0.265,0.357,0.433,0.6,41,236,21,1,24,0.996,"1B41,2B39,DH18"
Jake Bauers,MIL,N,117,302,60,9,2,12,39,13,0.199,0.301,0.361,-1.2,76,424,38,5,42,0.989,"1B76,DH17,OF16,P4"
Joey Meneses,WAS,N,76,281,65,11,0,3,21,2,0.231,0.291,0.302,-1.6,50,358,29,0,39,1,"1B50,DH25"
Tyler Nevin,OAK,A,87,245,50,10,0,7,25,1,0.204,0.288,0.331,-1.1,38,201,13,2,18,0.991,"1B38,OF30,3B25,DH5"
Jonah Bride,MIA,N,71,232,64,10,0,11,30,0,0.276,0.357,0.461,0.1,38,236,20,2,29,0.992,"1B38,DH19,3B13,2B3"
Juan Yepez,WAS,N,62,226,64,15,0,6,18,2,0.283,0.335,0.429,-0.3,47,351,19,2,43,0.995,"1B47,DH15"
Elehuris Montero,COL,N,67,224,46,10,0,4,20,0,0.205,0.267,0.304,-2.3,54,453,21,3,47,0.994,"1B54,DH12"
Joey Gallo,WAS,N,76,223,36,9,0,10,32,3,0.161,0.277,0.336,-1.3,59,426,24,0,45,1,"1B59,OF11,DH4"
Wilmer Flores,SF,N,71,214,44,12,0,4,20,0,0.206,0.277,0.318,-0.9,56,376,33,3,41,0.993,"1B56,DH8,3B2"
Triston Casas,BOS,A,63,212,51,8,0,13,30,0,0.241,0.337,0.462,0.5,61,450,50,5,36,0.99,"1B61,DH1"
DJ LeMahieu,NY,A,67,201,41,5,0,2,19,0,0.204,0.269,0.259,-1,38,185,15,2,16,0.99,"1B38,3B36"
Tyler Soderstrom,OAK,A,61,189,44,10,0,9,20,0,0.233,0.315,0.429,-0.4,59,373,23,3,47,0.992,"1B59,C1"
Patrick Wisdom,CHI,N,75,158,27,7,2,8,10,5,0.171,0.237,0.392,-1,27,120,7,1,8,0.992,"1B27,3B17,DH11,OF8,2B3,P1"
Ben Rice,NY,A,50,152,26,6,0,7,20,0,0.171,0.264,0.349,-1.3,49,273,14,2,21,0.993,"1B49,C1"
Pavin Smith,ARI,N,60,137,37,11,0,9,18,1,0.27,0.348,0.547,0.6,17,57,5,0,5,1,"OF32,1B17,DH3,P1"
Jonathan Aranda,TB,A,44,128,30,7,0,6,12,0,0.234,0.308,0.43,-0.3,23,133,7,0,10,1,"1B23,DH10,2B6,3B1"
Kody Clemens,PHI,N,44,114,25,9,1,5,5,0,0.219,0.258,0.447,-0.2,15,89,5,0,7,1,"1B15,3B11,2B8,OF7,P1,DH1"
Jose Abreu,HOU,A,35,113,14,2,0,2,4,0,0.124,0.167,0.195,-1.8,35,254,19,3,24,0.989,1B35
Ryan Noda,OAK,A,36,95,13,4,0,1,14,0,0.137,0.255,0.211,-0.9,30,177,18,2,24,0.99,"1B30,OF2,DH1"
Bobby Dalbec,BOS,A,37,83,11,2,0,1,8,3,0.133,0.217,0.193,-1,21,95,14,0,9,1,"1B21,3B13,DH2,OF2"
Marcus Semien,TEX,A,159,650,154,27,2,23,64,8,0.237,0.308,0.391,0.5,159,214,389,7,77,0.989,2B159
Jose Altuve,HOU,A,153,628,185,31,0,20,47,22,0.295,0.35,0.439,1.2,147,158,312,5,85,0.989,"2B147,DH5"
Gleyber Torres,NY,A,154,587,151,26,0,15,65,4,0.257,0.33,0.378,-0.3,153,234,330,18,74,0.969,2B153
Andres Gimenez,CLE,A,152,583,147,22,1,9,26,30,0.252,0.298,0.34,1.6,152,233,396,9,93,0.986,2B152
Nico Hoerner,CHI,N,151,582,159,35,1,7,44,31,0.273,0.335,0.373,1,144,229,337,8,61,0.986,"2B144,SS10"
Brice Turang,MIL,N,155,559,142,24,4,7,50,50,0.254,0.316,0.349,1,152,240,379,7,78,0.989,"2B152,DH1"
Jonathan India,CIN,N,151,533,132,28,2,15,80,13,0.248,0.357,0.392,-1.6,133,217,239,4,53,0.991,"2B133,DH18"
Colt Keith,DET,A,148,516,134,15,4,13,36,7,0.26,0.309,0.38,0.6,133,194,309,12,68,0.977,"2B133,DH14"
Bryson Stott,PHI,N,148,506,124,19,2,11,53,32,0.245,0.315,0.356,1,137,221,314,4,71,0.993,"2B137,SS14,DH1"
Ketel Marte,ARI,N,136,504,147,23,2,36,65,7,0.292,0.372,0.56,6,113,216,289,5,73,0.99,"2B113,DH23,SS1"
Brendan Rodgers,COL,N,135,501,134,29,1,13,31,1,0.267,0.314,0.407,-0.2,132,181,342,8,89,0.985,"2B132,DH5"
Luis Garcia,WAS,N,140,500,141,25,1,18,27,22,0.282,0.318,0.444,2.2,129,221,305,10,84,0.981,"2B129,DH8"
Zack Gelof,OAK,A,138,497,105,20,2,17,38,25,0.211,0.27,0.362,0.8,138,264,332,7,92,0.988,2B138
Gavin Lux,LA,N,139,439,110,24,2,10,44,5,0.251,0.32,0.383,-1.1,138,179,265,9,68,0.98,"2B138,SS1"
Xander Bogaerts,SD,N,111,428,113,15,1,11,28,13,0.264,0.307,0.381,-0.9,85,127,187,6,42,0.981,"2B85,SS20,DH9"
Jeff McNeil,NY,N,129,424,101,26,0,12,35,5,0.238,0.308,0.384,0.7,110,181,231,7,66,0.983,"2B110,OF28"
Jorge Polanco,SEA,A,118,417,89,11,0,16,46,4,0.213,0.296,0.355,-1.9,112,138,222,7,45,0.981,"2B112,DH5"
Otto Lopez,MIA,N,117,403,109,23,1,6,25,20,0.27,0.313,0.377,0.6,103,172,260,5,54,0.989,"2B103,SS8,3B6,OF2"
Ozzie Albies,ATL,N,99,399,100,29,1,10,27,8,0.251,0.303,0.404,0.9,99,153,239,3,57,0.992,2B99
Nicky Lopez,CHI,A,124,398,96,12,3,1,37,5,0.241,0.312,0.294,-0.4,83,100,180,3,33,0.989,"2B83,SS45"
Brandon Lowe,TB,A,107,385,94,19,3,21,33,5,0.244,0.311,0.473,1,58,80,123,0,26,1,"2B58,DH37,1B13"
Nolan Gorman,STL,N,107,365,74,15,0,19,34,6,0.203,0.271,0.4,-1.1,105,147,243,10,68,0.975,"2B105,3B2"
Thairo Estrada,SF,N,96,364,79,15,2,9,10,2,0.217,0.247,0.343,0,94,121,264,2,63,0.995,"2B94,DH1"
Nick Gonzales,PIT,N,94,359,97,19,3,7,18,5,0.27,0.311,0.398,1,85,147,231,5,64,0.987,"2B85,SS8,3B2"
Michael Massey,KC,A,100,332,86,17,2,14,15,1,0.259,0.294,0.449,0.9,82,122,177,3,39,0.99,"2B82,DH14"
Brandon Drury,ANA,A,97,325,55,7,0,4,27,1,0.169,0.242,0.228,-2.2,56,77,127,5,31,0.976,"2B56,DH16,3B16,1B14"
Jose Iglesias,NY,N,85,270,91,16,1,4,12,6,0.337,0.381,0.448,1.4,61,79,116,2,33,0.99,"2B61,3B36,SS6"
Edouard Julien,MIN,A,94,266,53,9,0,8,33,6,0.199,0.292,0.323,-1.1,90,86,166,5,25,0.981,"2B90,DH3,1B1"
Richie Palacios,TB,A,92,264,59,8,1,5,45,19,0.223,0.346,0.318,0.6,37,48,84,5,15,0.964,"OF51,2B37,DH3,3B2,SS1"
Adam Frazier,KC,A,104,262,53,10,1,4,22,3,0.202,0.282,0.294,-0.9,43,46,83,2,12,0.985,"2B43,OF34,DH17,3B9,1B1"
Brett Wisely,SF,N,91,252,60,13,1,4,13,2,0.238,0.278,0.345,0.6,50,45,103,2,23,0.987,"2B50,SS37,3B3,OF1,1B1"
Vidal Brujan,MIA,N,102,248,55,14,2,2,25,5,0.222,0.303,0.319,-0.9,31,40,50,1,16,0.989,"2B31,SS28,OF22,3B14,P2,1B1"
Andy Ibanez,DET,A,99,224,54,9,1,5,15,2,0.241,0.295,0.357,0.3,44,47,79,1,19,0.992,"2B44,3B19,1B18,OF6,DH6,SS5"
Kyle Farmer,MIN,A,107,215,46,13,1,5,19,3,0.214,0.293,0.353,-1.3,71,38,92,2,13,0.985,"2B71,3B29,SS13,P3,DH2,1B1"
Enmanuel Valdez,BOS,A,76,201,43,12,0,6,17,1,0.214,0.27,0.363,-0.7,65,69,140,6,23,0.972,"2B65,DH4,3B3,OF1"
Romy Gonzalez,BOS,A,89,199,53,10,1,6,12,11,0.266,0.306,0.417,0.2,31,22,32,2,9,0.964,"2B31,SS23,1B20,3B14,OF9,DH2"
Jorge Mateo,BAL,A,68,192,44,14,2,5,10,13,0.229,0.267,0.401,0.3,56,79,130,4,24,0.981,"2B56,SS6,DH4,OF4"
Jackson Holliday,BAL,A,60,190,36,4,2,5,15,4,0.189,0.255,0.311,-0.7,56,76,127,3,29,0.985,"2B56,SS3,DH1"
Nick Loftin,KC,A,57,148,28,4,0,1,19,1,0.189,0.282,0.236,-0.2,28,35,65,2,15,0.98,"2B28,3B17,1B7,DH5,OF4,P1"
Curtis Mead,TB,A,38,122,29,3,0,1,6,2,0.238,0.282,0.287,-0.9,21,22,36,2,8,0.967,"2B21,3B14,DH2,1B1"
Brooks Baldwin,CHI,A,33,114,24,6,0,2,6,4,0.211,0.25,0.316,-0.6,24,38,50,2,7,0.978,"2B24,SS9"
Michael Stefanic,ANA,A,40,110,24,4,0,0,10,0,0.218,0.301,0.255,0.1,35,50,76,0,24,1,"2B35,DH2,P1,3B1"
Casey Schmitt,SF,N,40,107,27,4,1,6,4,0,0.252,0.283,0.477,-0.3,19,18,25,1,5,0.977,"2B19,SS10,3B9,DH1"
Vaughn Grissom,BOS,A,31,105,20,3,0,0,7,2,0.19,0.246,0.219,-0.3,30,35,85,3,16,0.976,"2B30,DH1"
Aaron Schunk,COL,N,39,94,22,3,0,2,4,0,0.234,0.265,0.33,-0.4,16,24,39,1,13,0.984,"2B16,3B13,SS4,DH1"
Alika Williams,PIT,N,37,87,18,4,2,0,3,1,0.207,0.242,0.299,-1,20,22,31,1,5,0.981,"2B20,SS16"
Will Wagner,TOR,A,24,82,25,6,0,2,4,0,0.305,0.337,0.451,0.5,21,29,53,1,12,0.988,"2B21,DH1,1B1"
Nick Sogard,BOS,A,31,77,21,4,0,0,7,3,0.273,0.326,0.325,0.3,18,19,26,0,6,1,"2B18,SS9,3B7,1B1"
Marco Luciano,SF,N,27,76,16,5,1,0,5,0,0.211,0.259,0.303,-0.6,9,10,16,1,2,0.963,"2B9,SS9,DH7"
Jose Ramirez,CLE,A,158,620,173,39,2,39,54,41,0.279,0.335,0.537,4.1,126,99,207,9,23,0.971,"3B126,DH32"
Manny Machado,SD,N,152,593,163,30,0,29,45,11,0.275,0.325,0.472,0.8,100,78,147,7,11,0.97,"3B100,DH51"
Alex Bregman,HOU,A,145,581,151,30,2,26,44,3,0.26,0.315,0.453,1.7,142,103,242,10,23,0.972,"3B142,DH3"
Nolan Arenado,STL,N,152,578,157,23,0,16,44,2,0.272,0.325,0.394,0.9,146,103,280,9,26,0.977,"3B146,DH6"
Matt Chapman,SF,N,154,575,142,39,2,27,64,15,0.247,0.328,0.463,3.1,154,100,290,15,34,0.963,3B154
Maikel Garcia,KC,A,157,575,133,27,5,7,42,37,0.231,0.281,0.332,-1.8,124,66,203,11,13,0.961,"3B124,2B37,SS4,OF1"
Eugenio Suarez,ARI,N,158,571,146,28,2,30,49,2,0.256,0.319,0.469,1.3,155,88,292,10,33,0.974,"3B155,DH3"
Ryan McMahon,COL,N,153,567,137,28,0,20,69,4,0.242,0.325,0.397,0.5,152,98,323,15,33,0.966,"3B152,DH2"
Alec Bohm,PHI,N,143,554,155,44,2,15,40,5,0.28,0.332,0.448,2,128,84,253,14,15,0.96,"3B128,1B15,DH3"
Rafael Devers,BOS,A,138,525,143,34,5,28,67,3,0.272,0.354,0.516,1.9,130,102,185,12,19,0.96,"3B130,DH8"
Josh Smith,TEX,A,149,523,135,30,1,13,46,11,0.258,0.337,0.394,0.1,83,60,126,4,8,0.979,"3B83,SS49,DH13,OF5,2B1"
Joey Ortiz,MIL,N,142,440,105,25,6,11,56,11,0.239,0.329,0.398,0.7,134,102,227,10,24,0.971,"3B134,SS10,2B6"
Ernie Clement,TOR,A,139,434,114,21,3,12,11,12,0.263,0.284,0.408,1.3,96,60,147,10,16,0.954,"3B96,SS41,2B4,DH2,P1,OF1"
J. Candelario,CIN,N,112,427,96,23,2,20,27,4,0.225,0.279,0.429,-1.6,54,40,80,9,6,0.93,"3B54,DH32,1B32"
Austin Riley,ATL,N,110,425,109,26,2,19,37,0,0.256,0.322,0.461,0.1,109,60,178,10,17,0.96,3B109
Josh Rojas,SEA,A,143,422,95,19,2,8,46,10,0.225,0.304,0.336,0.6,131,79,186,10,15,0.964,"3B131,2B11,OF6,P2,1B1,DH1"
Jordan Westburg,BAL,A,107,416,110,26,5,18,22,6,0.264,0.312,0.481,-0.6,67,39,98,2,7,0.986,"3B67,2B53,SS2,DH1"
Mark Vientos,NY,N,111,413,110,22,0,27,33,0,0.266,0.322,0.516,1.4,108,61,179,5,15,0.98,"3B108,1B4,DH1"
Jose Miranda,MIN,A,121,401,114,28,4,9,18,2,0.284,0.322,0.441,-0.2,78,42,97,6,9,0.959,"3B78,DH27,1B13,SS1"
Jared Triolo,PIT,N,125,394,85,10,1,9,42,8,0.216,0.296,0.315,-1.6,61,29,101,2,11,0.985,"3B61,2B47,1B9,SS9,OF1"
Ke'Bryan Hayes,PIT,N,96,365,85,9,0,4,23,11,0.233,0.283,0.29,-0.8,96,75,185,5,28,0.981,3B96
E. Hernandez,LA,N,126,362,83,16,0,12,27,0,0.229,0.281,0.373,-1.5,71,38,103,7,14,0.953,"3B71,OF25,1B18,2B10,SS9,P4,DH1"
Santiago Espinal,CIN,N,118,357,88,12,0,9,24,11,0.246,0.295,0.356,-1.8,67,26,96,4,6,0.968,"3B67,2B33,DH11,OF8,SS6"
Lenyn Sosa,CHI,A,100,351,89,13,0,8,12,3,0.254,0.283,0.359,-0.9,52,38,78,4,11,0.967,"3B52,2B47,1B2,DH1"
Abraham Toro,OAK,A,94,337,81,17,1,6,20,4,0.24,0.293,0.35,-0.9,56,36,87,5,5,0.961,"3B56,2B19,DH11,1B5,OF1"
Oswaldo Cabrera,NY,A,109,299,74,11,0,8,21,4,0.247,0.296,0.365,0.4,74,61,136,6,13,0.97,"3B74,1B13,2B13,SS6,OF6,P1"
Royce Lewis,MIN,A,82,292,68,16,0,16,28,0,0.233,0.295,0.452,0.5,51,42,76,6,7,0.952,"3B51,DH28,2B2"
Luis Rengifo,ANA,A,78,283,85,13,1,6,16,24,0.3,0.347,0.417,1.5,48,30,89,3,8,0.975,"3B48,2B31,DH1,OF1,SS1"
Donovan Solano,SD,N,96,283,81,13,0,8,22,2,0.286,0.343,0.417,0.1,32,18,47,0,6,1,"3B32,DH29,1B26,2B1"
Ramon Urias,BAL,A,100,272,69,9,2,11,23,1,0.254,0.322,0.423,-0.3,93,47,119,6,8,0.965,"3B93,DH3,2B3,1B2"
Ildemaro Vargas,WAS,N,97,272,67,16,0,1,19,9,0.246,0.295,0.316,-1.3,47,10,62,4,6,0.947,"3B47,2B32,OF15,SS7,1B2,P2,DH1"
Ezequiel Duran,TEX,A,92,268,66,11,0,3,14,1,0.246,0.288,0.321,-0.6,28,13,56,2,3,0.972,"3B28,OF23,1B12,DH12,SS9,2B5"
Max Muncy,LA,N,73,237,55,17,0,15,45,1,0.232,0.358,0.494,1.3,72,44,115,6,16,0.964,3B72
Noelvi Marte,CIN,N,66,229,48,9,0,4,9,9,0.21,0.248,0.301,-2.5,55,45,73,12,6,0.908,"3B55,DH10,2B1"
Addison Barger,TOR,A,69,208,41,11,0,7,14,2,0.197,0.25,0.351,-0.8,36,28,46,6,7,0.925,"3B36,OF34,DH2"
Anthony Rendon,ANA,A,57,206,45,10,0,0,23,6,0.218,0.307,0.267,-0.8,50,35,87,5,9,0.961,"3B50,DH6"
Trey Lipscomb,WAS,N,61,190,38,3,0,1,16,11,0.2,0.268,0.232,-1.4,55,28,104,7,12,0.95,"3B55,1B5,2B2,DH1"
Josh Jung,TEX,A,46,178,47,5,1,7,8,4,0.264,0.298,0.421,0,40,28,66,3,7,0.969,"3B40,DH6"
Junior Caminero,TB,A,43,165,41,9,1,6,11,2,0.248,0.299,0.424,-0.2,39,27,56,6,5,0.933,"3B39,DH3,1B1"
Gabriel Arias,CLE,A,53,153,34,9,1,3,6,5,0.222,0.255,0.353,0,20,16,32,2,2,0.96,"3B20,SS15,OF8,2B6,1B4,DH3"
Brett Baty,NY,N,50,153,35,3,0,4,16,0,0.229,0.306,0.327,0,47,33,87,2,10,0.984,3B47
Tyler Wade,SD,N,90,138,30,3,0,0,11,8,0.217,0.285,0.239,-1.7,31,16,30,2,1,0.958,"3B31,OF21,2B15,SS13,DH5"
Danny Mendick,CHI,A,47,132,26,7,0,3,6,6,0.197,0.243,0.318,-0.5,26,15,35,3,2,0.943,"3B26,2B14,P1,DH1"
A. Monasterio,MIL,N,59,125,26,5,0,1,16,6,0.208,0.303,0.272,-0.4,26,13,35,5,4,0.906,"3B26,2B21,1B5,DH3,OF1"
Darell Hernaiz,OAK,A,48,120,23,3,0,1,11,1,0.192,0.261,0.242,-0.7,32,17,37,2,6,0.964,"3B32,SS19,2B3"
Brett Harris,OAK,A,36,103,15,3,0,3,17,0,0.146,0.276,0.262,-0.6,35,20,59,3,9,0.963,3B35
Bryan Ramos,CHI,A,32,99,20,4,0,3,7,0,0.202,0.252,0.333,-0.2,21,16,38,1,4,0.982,"3B21,DH8"
M. Mastrobuoni,CHI,N,50,98,19,3,0,0,7,2,0.194,0.245,0.224,-0.2,17,6,29,2,3,0.946,"3B17,SS10,2B10,OF3,DH1"
Oliver Dunn,MIL,N,41,95,21,2,2,1,6,3,0.221,0.282,0.316,-0.2,27,10,36,0,4,1,"3B27,DH7,1B1,2B1"
Luis Urias,SEA,A,41,94,18,7,0,4,9,0,0.191,0.303,0.394,0.5,38,27,51,6,7,0.929,"3B38,DH1"
Nick Madrigal,CHI,N,51,86,19,3,0,0,4,1,0.221,0.28,0.256,-1,36,10,26,2,4,0.947,"3B36,2B15,DH2"
Miguel Sano,ANA,A,28,83,17,3,0,2,9,0,0.205,0.295,0.313,-0.4,14,6,22,0,1,1,"3B14,DH9,1B5,P1"
Jace Jung,DET,A,34,79,19,5,0,0,15,0,0.241,0.362,0.304,-0.4,27,10,34,4,2,0.917,"3B27,DH3,2B1"
Ezequiel Tovar,COL,N,157,655,176,45,4,26,23,6,0.269,0.295,0.469,2.4,157,233,435,8,113,0.988,SS157
Anthony Volpe,NY,A,160,637,155,27,7,12,42,28,0.243,0.293,0.364,-1.2,160,210,344,16,68,0.972,SS160
Bobby Witt,KC,A,161,636,211,45,11,32,57,31,0.332,0.389,0.588,6.3,160,207,361,15,78,0.974,"SS160,DH1"
Gunnar Henderson,BAL,A,159,630,177,31,7,37,78,21,0.281,0.364,0.529,6.6,157,232,378,25,71,0.961,"SS157,DH2"
Francisco Lindor,NY,N,152,618,169,39,1,33,56,29,0.273,0.344,0.5,4.3,151,194,358,12,74,0.979,"SS151,DH1"
Willy Adames,MIL,N,161,610,153,33,0,32,74,21,0.251,0.331,0.462,-0.4,161,204,323,20,66,0.963,SS161
Jeremy Pena,HOU,A,157,602,160,28,2,15,25,20,0.266,0.308,0.394,2.7,157,221,380,19,86,0.969,SS157
Masyn Winn,STL,N,150,587,157,32,5,15,41,11,0.267,0.314,0.416,2.8,148,191,402,18,100,0.971,"SS148,DH1"
Willi Castro,MIN,A,158,558,138,31,5,12,51,14,0.247,0.331,0.385,-1,56,68,93,3,11,0.982,"OF59,SS56,2B40,3B27,P2"
Orlando Arcia,ATL,N,157,551,120,24,0,17,41,2,0.218,0.271,0.354,-0.1,157,168,393,11,87,0.981,SS157
Zach Neto,ANA,A,155,542,135,34,1,23,39,30,0.249,0.318,0.443,4.6,155,231,405,18,103,0.972,SS155
Oneil Cruz,PIT,N,146,541,140,34,3,21,51,22,0.259,0.324,0.449,-0.1,112,141,231,24,53,0.939,"SS112,OF23,DH7"
Dansby Swanson,CHI,N,149,534,129,27,2,16,54,19,0.242,0.312,0.39,-0.2,148,166,335,5,56,0.99,SS148
Trea Turner,PHI,N,121,505,149,25,0,21,27,19,0.295,0.338,0.469,2.2,118,136,291,17,51,0.962,"SS118,DH3"
Corey Seager,TEX,A,123,475,132,21,0,30,53,1,0.278,0.353,0.512,4,113,137,271,7,52,0.983,"SS113,DH10"
Mookie Betts,LA,N,116,450,130,24,5,19,61,16,0.289,0.372,0.491,2.8,65,86,150,9,30,0.963,"SS65,OF43,2B18"
Jose Caballero,TB,A,139,441,100,24,1,9,27,44,0.227,0.283,0.347,-0.5,88,85,187,9,37,0.968,"SS88,3B37,2B30,DH1"
Ha-Seong Kim,SD,N,121,403,94,16,3,11,58,22,0.233,0.33,0.37,0.3,121,145,263,11,64,0.974,SS121
Max Schuemann,OAK,A,133,396,87,14,0,7,47,14,0.22,0.311,0.308,-1,93,113,213,12,41,0.964,"SS93,3B27,OF10,2B9"
J.P. Crawford,SEA,A,105,392,79,16,2,9,52,5,0.202,0.304,0.321,-0.9,104,113,212,3,36,0.991,"SS104,DH1"
Brayan Rocchio,CLE,A,143,383,79,18,0,8,44,10,0.206,0.298,0.316,0.1,142,166,284,12,75,0.974,SS142
Dylan Moore,SEA,A,135,368,74,23,4,10,53,32,0.201,0.32,0.367,1.7,49,60,89,5,15,0.968,"SS49,3B45,2B37,OF23,1B11"
Gerardo Perdomo,ARI,N,98,337,92,21,2,3,36,9,0.273,0.344,0.374,1.5,97,112,261,5,55,0.987,SS97
Carlos Correa,MIN,A,86,319,99,20,2,14,40,0,0.31,0.388,0.517,2.7,84,119,169,5,26,0.983,"SS84,DH1"
Tyler Fitzgerald,SF,N,96,314,88,19,2,15,22,17,0.28,0.334,0.497,2.1,72,87,166,11,30,0.958,"SS72,OF11,2B6,P3,DH3,1B2"
Bo Bichette,TOR,A,81,311,70,16,1,4,20,5,0.225,0.277,0.322,-2.2,81,76,159,7,35,0.971,SS81
Miguel Rojas,LA,N,103,307,87,21,0,6,23,8,0.283,0.337,0.41,1,82,109,160,2,20,0.993,"SS82,2B13,3B11,1B1,P1"
Zach McKinstry,DET,A,118,297,64,14,5,4,24,16,0.215,0.277,0.337,-1.6,48,33,91,5,19,0.961,"SS48,3B38,OF28,2B18,DH3,P3"
David Hamilton,BOS,A,98,294,73,17,1,8,22,33,0.248,0.303,0.395,1.3,62,64,121,7,24,0.964,"SS62,2B39"
Kevin Newman,ARI,N,111,288,80,17,1,3,15,8,0.278,0.311,0.375,-0.1,55,46,127,3,30,0.983,"SS55,2B44,1B10,3B6,DH1,OF1"
Javier Baez,DET,A,80,272,50,12,0,6,12,8,0.184,0.221,0.294,-0.7,80,122,189,9,39,0.972,SS80
Xavier Edwards,MIA,N,70,265,87,12,5,1,33,31,0.328,0.397,0.423,0.8,69,88,148,7,32,0.971,"SS69,2B1"
Edmundo Sosa,PHI,N,90,249,64,12,4,7,13,7,0.257,0.313,0.422,1.6,48,51,107,3,23,0.981,"SS48,3B23,2B20"
Tim Anderson,MIA,N,65,234,50,3,0,0,7,4,0.214,0.237,0.226,-1.7,63,66,170,9,34,0.963,SS63
Taylor Walls,TB,A,84,218,40,5,3,1,31,16,0.183,0.282,0.248,-0.4,83,80,172,3,33,0.988,"SS83,DH1"
D. Schneemann,CLE,A,73,193,42,10,2,5,25,3,0.218,0.303,0.368,-0.3,32,17,39,5,8,0.918,"OF33,SS32,3B17,2B6,DH3"
Leo Jimenez,TOR,A,63,179,41,11,0,4,12,0,0.229,0.329,0.358,0,43,43,75,2,14,0.983,"SS43,2B21,DH1"
Brooks Lee,MIN,A,50,172,38,6,1,3,11,3,0.221,0.265,0.32,-1.1,27,34,42,2,8,0.974,"SS27,3B13,2B11,DH2"
Blaze Alexander,ARI,N,61,166,41,7,0,3,15,3,0.247,0.321,0.343,-0.7,20,21,22,4,7,0.915,"SS20,2B17,DH16,3B8"
Trey Sweeney,DET,A,36,110,24,5,0,4,7,2,0.218,0.269,0.373,0.8,36,37,104,4,20,0.972,SS36
Nick Allen,OAK,A,41,97,17,4,0,1,5,0,0.175,0.216,0.247,-0.3,34,45,66,6,22,0.949,"SS34,3B5,2B2"
Trevor Story,BOS,A,26,94,24,7,0,2,11,6,0.255,0.34,0.394,0.3,26,32,61,1,13,0.989,SS26
Jacob Wilson,OAK,A,28,92,23,2,2,0,8,0,0.25,0.314,0.315,0.1,27,32,69,0,16,1,SS27
Bryan Reynolds,PIT,N,156,622,171,29,3,24,57,10,0.275,0.344,0.447,1.4,133,241,11,2,2,0.992,"LF118,DH23,RF22"
T. Hernandez,LA,N,154,589,160,32,2,33,53,12,0.272,0.339,0.501,1.9,154,253,7,3,3,0.989,"LF120,RF60"
Brendan Donovan,STL,N,153,587,163,34,3,14,47,5,0.278,0.342,0.417,0.9,105,164,3,0,0,1,"LF105,2B53,3B9,DH6,RF1"
Taylor Ward,ANA,A,156,585,144,26,2,25,63,6,0.246,0.323,0.426,1.1,141,302,8,5,0,0.984,"LF141,DH15"
Spencer Steer,CIN,N,158,574,129,34,4,20,72,25,0.225,0.319,0.402,-0.2,102,172,1,5,0,0.972,"LF102,1B63,2B7,DH6,RF3,SS1"
Brandon Nimmo,NY,N,151,571,128,25,3,23,77,15,0.224,0.327,0.399,-0.2,147,239,4,2,0,0.992,"LF142,CF28,DH4"
Ian Happ,CHI,N,153,569,138,34,2,25,80,13,0.243,0.341,0.441,3.2,144,307,11,1,2,0.997,"LF144,DH8"
Jurickson Profar,SD,N,158,564,158,29,0,24,76,10,0.28,0.38,0.459,2.4,148,230,4,1,0,0.996,"LF148,DH8,1B2"
Alex Verdugo,NY,A,149,559,130,28,1,13,49,2,0.233,0.291,0.356,-1.5,149,285,7,1,1,0.997,"LF141,RF10,CF7"
Jackson Chourio,MIL,N,148,528,145,29,4,21,39,22,0.275,0.327,0.464,1.3,146,286,4,0,0,1,"LF91,RF63,DH2"
Lourdes Gurriel,ARI,N,133,513,143,22,2,18,29,7,0.279,0.322,0.435,0.4,127,239,4,5,0,0.98,"LF127,DH4,1B1"
Riley Greene,DET,A,137,512,134,27,6,24,64,4,0.262,0.348,0.479,1.3,106,203,4,3,1,0.986,"LF84,DH31,CF27,RF4"
Colton Cowser,BAL,A,153,499,121,24,3,24,52,9,0.242,0.321,0.447,1.4,146,308,3,1,0,0.997,"LF109,CF45,RF20,DH1"
Wyatt Langford,TEX,A,134,499,126,25,4,16,51,19,0.253,0.325,0.415,0.9,109,208,8,2,1,0.991,"LF105,DH25,CF15"
Steven Kwan,CLE,A,122,480,140,16,3,14,53,12,0.292,0.368,0.425,1.7,114,205,9,1,3,0.995,"LF114,DH7"
A. Benintendi,CHI,A,135,477,109,20,0,20,41,3,0.229,0.289,0.396,-0.4,125,244,3,3,0,0.988,"LF124,DH5,CF1"
Michael Conforto,SF,N,130,438,104,27,3,20,42,0,0.237,0.309,0.45,0.2,106,152,5,2,1,0.987,"LF106,DH21"
Brandon Marsh,PHI,N,135,418,104,17,3,16,50,19,0.249,0.328,0.419,0.3,133,228,6,5,1,0.979,"LF97,CF53,RF8"
Jarred Kelenic,ATL,N,131,412,95,18,2,15,32,7,0.231,0.286,0.393,-0.8,124,231,4,3,0,0.987,"LF75,CF50,RF1"
MJ Melendez,KC,A,135,412,85,23,3,17,35,4,0.206,0.273,0.4,-2,123,190,2,2,1,0.99,"LF120,DH8,RF4,1B1"
Tyler O'Neill,BOS,A,113,411,99,18,0,31,53,4,0.241,0.336,0.511,0.8,95,151,4,7,0,0.957,"LF70,RF50,DH18"
Luke Raley,SEA,A,137,404,98,19,2,22,27,11,0.243,0.32,0.463,1.1,97,165,2,3,0,0.982,"LF60,1B41,RF36,CF9,DH3"
Mauricio Dubon,HOU,A,137,402,108,25,0,4,16,3,0.269,0.296,0.361,-0.1,93,157,2,6,0,0.964,"LF67,CF22,2B22,1B20,RF13,3B10,SS5"
Davis Schneider,TOR,A,135,397,76,19,1,13,47,6,0.191,0.282,0.343,-1.1,93,155,3,2,0,0.988,"LF93,2B56,DH1"
Seth Brown,OAK,A,124,372,86,11,1,14,25,4,0.231,0.283,0.379,-0.8,82,140,2,2,0,0.986,"LF55,1B45,RF31,DH2,CF1"
Trevor Larnach,MIN,A,112,355,92,17,0,15,40,4,0.259,0.338,0.434,0.3,57,91,0,0,0,1,"LF52,DH52,RF10"
Will Benson,CIN,N,128,343,64,19,2,14,40,16,0.187,0.274,0.376,-0.7,118,226,5,2,0,0.991,"LF55,RF45,CF43,DH7"
Manuel Margot,MIN,A,129,315,75,17,1,4,21,5,0.238,0.289,0.337,-1.2,113,163,0,3,0,0.982,"LF65,RF44,CF21,DH8"
Adam Duvall,ATL,N,104,303,55,10,0,11,21,0,0.182,0.245,0.323,-1.8,91,151,4,2,0,0.987,"LF49,RF46,DH4"
Miguel Andujar,OAK,A,75,302,86,14,1,4,13,3,0.285,0.32,0.377,0.2,72,129,10,2,1,0.986,"LF72,DH3,1B1"
James Wood,WAS,N,79,295,78,13,4,9,39,14,0.264,0.354,0.427,0.2,79,129,4,4,1,0.971,LF79
Rob Refsnyder,BOS,A,93,272,77,16,1,11,28,2,0.283,0.359,0.471,0.9,76,116,2,4,0,0.967,"LF46,RF37,DH13"
Christian Yelich,MIL,N,73,270,85,12,3,11,40,21,0.315,0.406,0.504,2,48,75,3,1,1,0.987,"LF48,DH26"
Nick Gordon,MIA,N,95,260,59,11,1,8,11,5,0.227,0.258,0.369,-1.3,77,131,3,3,0,0.978,"LF61,CF16,2B6,DH1,RF1"
Nolan Jones,COL,N,79,256,58,13,1,3,36,5,0.227,0.321,0.32,-1.6,69,103,4,5,0,0.955,"LF69,DH7"
Chas McCormick,HOU,A,94,242,51,6,1,5,17,8,0.211,0.271,0.306,-1.1,93,160,1,1,0,0.994,"LF53,RF40,CF15"
Austin Martin,MIN,A,93,233,59,18,1,1,20,7,0.253,0.318,0.352,-0.7,74,124,1,1,0,0.992,"LF40,CF40,2B14,DH7"
Chris Taylor,LA,N,87,213,43,7,1,4,28,5,0.202,0.298,0.3,-1.4,54,63,0,1,0,0.984,"LF48,3B24,2B21,CF8"
Jordan Beck,COL,N,55,170,32,6,0,3,12,7,0.188,0.245,0.276,-1.5,54,96,3,1,1,0.99,"LF37,RF14,CF3"
Daz Cameron,OAK,A,66,170,34,5,1,5,13,5,0.2,0.258,0.329,-0.9,58,83,3,0,0,1,"LF30,RF20,CF15,DH2"
Alex Kirilloff,MIN,A,57,159,32,8,3,5,15,0,0.201,0.27,0.384,-0.8,30,37,1,0,0,1,"LF23,DH14,1B12,RF8"
Evan Carter,TEX,A,45,144,27,6,2,5,15,2,0.188,0.272,0.361,-0.4,41,73,3,1,1,0.987,"LF33,RF9,DH4,CF2"
Sam Hilliard,COL,N,58,138,33,5,1,10,14,5,0.239,0.305,0.507,-0.3,52,78,1,3,0,0.963,"LF29,CF16,RF11,DH3"
Dairon Blanco,KC,A,88,120,31,4,0,4,8,31,0.258,0.308,0.392,0.1,67,79,1,3,0,0.964,"LF36,RF21,CF15,DH10"
Estevan Florial,CLE,A,36,98,17,6,2,3,11,2,0.173,0.264,0.367,-0.4,22,35,1,1,0,0.973,"LF13,DH12,RF12,CF1"
Weston Wilson,PHI,N,41,88,25,7,1,3,8,3,0.284,0.347,0.489,0.2,25,20,1,0,1,1,"LF21,3B5,RF4,2B4,1B3,P1,CF1"
Nathan Lukes,TOR,A,22,76,23,4,2,1,10,1,0.303,0.371,0.447,0.8,21,50,4,1,0,0.982,"LF12,RF8,CF3,DH1"
Jarren Duran,BOS,A,160,671,191,48,14,21,54,34,0.285,0.342,0.492,3.1,160,356,12,6,2,0.984,"CF105,LF83"
Corbin Carroll,ARI,N,158,589,136,22,14,22,73,35,0.231,0.322,0.428,1.1,156,358,6,2,2,0.995,"CF81,RF78"
JJ Bleday,OAK,A,159,572,139,43,4,20,67,2,0.243,0.324,0.437,1.9,157,392,8,5,1,0.988,"CF157,DH1"
Julio Rodriguez,SEA,A,143,567,155,17,0,20,38,24,0.273,0.325,0.409,1.5,131,334,4,5,1,0.985,"CF131,DH10"
Aaron Judge,NY,A,158,559,180,36,1,58,133,10,0.322,0.458,0.701,9.9,117,279,4,0,2,1,"CF105,DH41,RF8,LF5"
Jackson Merrill,SD,N,156,554,162,31,6,24,29,16,0.292,0.326,0.5,2.9,155,392,8,3,4,0.993,CF155
Ceddanne Rafaela,BOS,A,152,544,134,23,5,15,15,19,0.246,0.274,0.39,-1,87,179,5,3,2,0.984,"CF87,SS82,2B10,3B4,RF1"
Brenton Doyle,COL,N,149,542,141,24,4,23,46,30,0.26,0.317,0.446,1.6,146,426,8,4,3,0.991,"CF146,DH3"
Matt Vierling,DET,A,144,518,133,28,5,16,41,6,0.257,0.312,0.423,0.4,98,202,3,2,1,0.99,"CF57,3B51,RF36,LF13,DH6,1B1"
Leody Taveras,TEX,A,151,480,110,17,3,12,42,23,0.229,0.289,0.352,0,148,376,9,3,2,0.992,"CF148,DH2"
Heliot Ramos,SF,N,121,475,128,23,3,22,37,6,0.269,0.322,0.469,1.1,112,225,4,1,0,0.996,"CF60,LF50,RF8,DH8"
Jacob Young,WAS,N,150,468,120,24,1,3,30,33,0.256,0.316,0.331,-0.3,149,388,5,8,2,0.98,"CF149,DH1"
Jake Meyers,HOU,A,148,461,101,20,3,13,35,11,0.219,0.286,0.36,-0.5,145,349,2,1,0,0.997,"CF144,DH1,LF1"
Daulton Varsho,TOR,A,136,459,98,21,7,18,48,10,0.214,0.293,0.407,0.6,136,320,5,2,1,0.994,"CF94,LF67,RF1,DH1"
Cedric Mullins,BAL,A,147,444,104,16,3,18,41,32,0.234,0.305,0.405,-0.4,140,271,2,1,0,0.996,"CF140,DH1"
Michael Harris,ATL,N,110,440,116,14,3,16,23,10,0.264,0.304,0.418,-1,110,232,1,2,0,0.991,CF110
Andy Pages,LA,N,116,403,100,23,1,13,29,1,0.248,0.305,0.407,0.8,114,294,5,3,2,0.99,"CF87,RF40,LF6,DH1"
Harrison Bader,NY,N,143,402,95,19,0,12,21,17,0.236,0.284,0.373,-1.2,140,278,1,4,0,0.986,"CF140,DH1"
Jose Siri,TB,A,130,402,75,16,1,18,31,14,0.187,0.255,0.366,-0.9,128,336,1,7,1,0.98,"CF128,DH1,1B1"
Luis Robert,CHI,A,100,393,88,19,0,14,28,23,0.224,0.278,0.379,-0.2,97,254,1,2,0,0.992,"CF97,DH3"
Mickey Moniak,ANA,A,124,392,86,17,2,14,21,8,0.219,0.266,0.38,-1.2,117,270,3,4,0,0.986,"CF101,RF16,DH4,LF1"
Kyle Isbel,KC,A,136,384,88,13,8,8,27,11,0.229,0.287,0.367,-1.4,136,293,1,4,1,0.987,CF136
Blake Perkins,MIL,N,121,383,92,13,2,6,42,23,0.24,0.316,0.332,0.2,119,300,7,1,2,0.997,"CF119,DH1"
Byron Buxton,MIN,A,102,355,99,27,3,18,20,7,0.279,0.335,0.524,1.6,94,204,2,0,0,1,"CF94,DH6"
Johan Rojas,PHI,N,120,338,82,12,3,3,13,25,0.243,0.279,0.322,-1.7,116,219,6,2,1,0.991,"CF116,DH1"
Tyler Freeman,CLE,A,118,330,69,14,1,7,28,11,0.209,0.305,0.321,-0.5,97,193,8,1,2,0.995,"CF97,SS10,3B8,2B6,DH1"
Mike Siani,STL,N,124,298,68,7,2,2,21,20,0.228,0.285,0.285,-1.7,121,242,1,0,0,1,"CF110,RF9,LF4,DH1"
TJ Friedl,CIN,N,85,297,67,5,1,13,26,9,0.226,0.31,0.38,-0.2,82,192,3,3,1,0.985,"CF82,DH2"
Parker Meadows,DET,A,82,270,66,12,6,9,25,9,0.244,0.31,0.433,0,82,193,0,1,0,0.995,CF82
Michael Taylor,PIT,N,113,269,52,9,1,5,23,12,0.193,0.253,0.29,-1.2,106,229,3,3,0,0.987,"CF103,LF3,DH1"
Jack Suwinski,PIT,N,88,247,45,8,0,9,27,9,0.182,0.264,0.324,-1,85,177,0,1,0,0.994,"CF45,LF34,RF21"
Garrett Hampson,KC,A,113,213,49,13,1,0,14,7,0.23,0.275,0.3,-0.8,83,113,2,2,1,0.983,"CF52,LF28,2B24,SS8,1B8,RF7,3B2,P1"
Stuart Fairchild,CIN,N,94,209,45,8,0,8,17,13,0.215,0.286,0.368,0.2,84,170,1,0,1,1,"CF59,RF22,LF10,DH8"
Garrett Mitchell,MIL,N,69,196,50,12,3,8,25,11,0.255,0.342,0.469,0.7,60,119,3,0,0,1,"CF41,RF23,DH7"
Trent Grisham,NY,A,76,179,34,8,0,9,22,1,0.19,0.29,0.385,0,69,141,3,2,2,0.986,"CF69,DH7"
Angel Martinez,CLE,A,43,151,35,7,0,3,15,3,0.232,0.298,0.338,-0.8,35,64,1,1,0,0.985,"CF21,LF14,RF8,DH3,3B3,2B1"
Victor Scott,STL,N,53,145,26,9,0,2,6,5,0.179,0.219,0.283,-1.5,52,95,0,2,0,0.979,"CF46,RF5,LF2"
Tommy Edman,LA,N,37,139,33,5,1,6,11,6,0.237,0.294,0.417,0.3,24,55,1,1,0,0.982,"CF24,SS18,2B1"
James Outman,LA,N,53,136,20,4,0,4,16,2,0.147,0.256,0.265,-1,50,94,2,1,0,0.99,"CF49,LF1,RF1"
Grant McCray,SF,N,37,124,25,3,2,5,6,5,0.202,0.238,0.379,-0.5,37,87,0,2,0,0.978,CF37
Mike Trout,ANA,A,29,109,24,1,2,10,16,6,0.22,0.325,0.541,0.9,24,65,2,0,1,1,"CF24,DH5"
Alek Thomas,ARI,N,39,95,18,5,1,3,7,4,0.189,0.245,0.358,-0.7,35,57,0,0,0,1,"CF35,DH2"
Nick Castellanos,PHI,N,162,606,154,30,4,23,41,6,0.254,0.311,0.431,-1.4,157,263,3,3,0,0.989,"RF157,DH5"
A. Santander,BAL,A,155,595,140,25,2,44,58,2,0.235,0.308,0.506,2,130,262,7,2,2,0.993,"RF130,DH25,1B1"
Adolis Garcia,TEX,A,154,580,130,27,0,25,45,11,0.224,0.284,0.4,-1.3,131,253,5,4,3,0.985,"RF131,DH23"
Juan Soto,NY,A,157,576,166,31,4,41,129,7,0.288,0.419,0.569,6.4,151,302,10,2,1,0.994,"RF145,LF6,DH5"
George Springer,TOR,A,145,545,120,19,3,19,60,16,0.22,0.303,0.371,-1.4,124,219,3,2,0,0.991,"RF123,DH20,CF1"
Cody Bellinger,CHI,N,130,516,137,23,3,18,45,9,0.266,0.325,0.426,0.3,94,191,3,2,1,0.99,"RF49,CF48,DH24,1B22,LF1"
Seiya Suzuki,CHI,N,132,512,145,27,6,21,63,16,0.283,0.366,0.482,2.9,73,150,5,3,3,0.981,"RF72,DH59,LF1"
Jesus Sanchez,MIA,N,149,489,123,25,1,18,41,16,0.252,0.313,0.417,-0.4,119,226,3,4,2,0.983,"RF114,DH19,LF11"
Sal Frelick,MIL,N,145,475,123,22,4,2,39,18,0.259,0.32,0.335,-1,141,269,6,3,1,0.989,"RF106,CF25,LF24,3B2,DH1"
Gavin Sheets,CHI,A,139,451,105,24,1,10,43,2,0.233,0.303,0.357,-1.3,45,67,2,1,1,0.986,"RF45,1B43,DH42"
Jake McCarthy,ARI,N,142,442,126,13,7,8,31,25,0.285,0.349,0.4,0.4,137,270,2,2,1,0.993,"RF65,CF63,LF33,DH1"
Mike Yastrzemski,SF,N,140,428,99,16,9,18,38,3,0.231,0.302,0.437,-0.5,134,212,5,4,1,0.982,"RF127,CF9,P1"
Lawrence Butler,OAK,A,125,412,108,24,2,22,35,18,0.262,0.317,0.49,1.9,123,253,2,4,1,0.985,"RF123,CF2"
Jo Adell,ANA,A,130,405,84,15,2,20,35,15,0.207,0.28,0.402,-1.5,123,234,3,4,0,0.983,"RF119,DH5,CF4"
Wilyer Abreu,BOS,A,132,399,101,33,2,15,40,8,0.253,0.322,0.459,0.8,130,222,9,7,2,0.971,"RF125,LF5,CF1,DH1"
Fernando Tatis,SD,N,102,398,110,21,1,21,32,11,0.276,0.34,0.492,1.3,96,171,6,5,1,0.973,"RF96,DH4"
Wenceel Perez,DET,A,112,389,94,16,6,9,32,9,0.242,0.3,0.383,-1.5,105,189,1,2,0,0.99,"RF83,CF29,LF4,DH4"
Hunter Renfroe,KC,A,120,385,88,18,0,15,36,1,0.229,0.297,0.392,-0.9,116,200,9,2,2,0.991,"RF116,DH3,1B1"
Mitch Haniger,SEA,A,121,380,79,12,0,12,40,0,0.208,0.286,0.334,-1.4,90,162,4,5,0,0.971,"RF90,DH25"
Max Kepler,MIN,A,105,368,93,21,1,8,22,1,0.253,0.302,0.38,-0.8,103,172,4,0,1,1,"RF103,DH1"
Josh Lowe,TB,A,106,353,85,19,2,10,32,25,0.241,0.302,0.391,0.3,92,189,2,4,1,0.979,"RF79,LF15,DH8,CF2"
Jake Fraley,CIN,N,116,350,97,19,2,5,26,20,0.277,0.33,0.386,0.2,100,193,4,2,0,0.99,"RF97,DH8,LF5,CF2"
Lars Nootbaar,STL,N,109,348,85,18,3,12,52,7,0.244,0.342,0.417,0.2,107,209,2,3,2,0.986,"RF74,LF30,CF24"
Starling Marte,NY,N,94,335,90,13,3,7,27,16,0.269,0.327,0.388,0.1,85,138,6,2,2,0.986,"RF85,DH9"
Jonny DeLuca,TB,A,107,332,72,12,4,6,24,16,0.217,0.278,0.331,-0.6,97,219,6,2,2,0.991,"RF57,CF43,LF12,DH2"
Will Brennan,CLE,A,114,330,87,13,2,8,19,4,0.264,0.309,0.388,-0.7,98,157,2,2,0,0.988,"RF80,LF18,DH12,CF8"
Jake Cave,COL,N,123,323,81,16,5,7,18,5,0.251,0.29,0.396,-1.1,116,184,5,1,1,0.995,"RF92,LF32,CF5,DH1"
Tyrone Taylor,NY,N,130,319,79,22,3,7,19,11,0.248,0.299,0.401,0,113,193,3,3,0,0.985,"RF70,CF44,LF21,DH7"
Mike Tauchman,CHI,N,109,298,74,12,1,7,47,6,0.248,0.357,0.366,0.1,75,113,1,1,1,0.991,"RF51,DH21,LF16,CF15"
Kyle Tucker,HOU,A,78,277,80,13,0,23,56,11,0.289,0.408,0.585,3,70,124,4,0,2,1,"RF70,DH8"
Kerry Carpenter,DET,A,87,264,75,16,5,18,22,0,0.284,0.345,0.587,1.9,47,88,5,1,0,0.989,"RF45,DH35,LF3"
Randal Grichuk,ARI,N,106,254,74,20,2,12,20,0,0.291,0.348,0.528,1.2,57,97,1,0,0,1,"RF43,DH41,LF14"
David Peralta,SD,N,91,236,63,11,0,8,22,2,0.267,0.335,0.415,-0.2,65,87,1,1,0,0.989,"RF54,DH16,LF11"
Dominic Fletcher,CHI,A,72,223,46,8,0,1,11,0,0.206,0.252,0.256,-0.9,71,165,8,6,1,0.966,"RF43,CF29,LF1"
Matt Wallner,MIN,A,75,220,57,17,1,13,24,3,0.259,0.372,0.523,1.9,57,109,4,0,1,1,"RF34,LF24,DH15,P1"
Hunter Goodman,COL,N,70,211,40,9,0,13,8,1,0.19,0.228,0.417,-1.6,33,53,1,2,0,0.964,"RF27,C23,DH11,LF7,1B4"
Ronald Acuna,ATL,N,49,192,48,8,1,4,27,16,0.25,0.351,0.365,0.3,48,98,2,2,0,0.98,RF48
Travis Jankowski,TEX,A,104,190,38,5,0,1,12,11,0.2,0.266,0.242,-1.3,69,82,1,3,0,0.965,"RF31,DH26,LF26,CF15"
Jhonkensy Noel,CLE,A,67,179,39,7,1,13,13,0,0.218,0.288,0.486,0.4,55,94,2,0,1,1,"RF54,1B9,DH2,LF1"
Edward Olivares,PIT,N,55,174,39,4,0,5,16,1,0.224,0.291,0.333,-0.7,45,76,2,1,0,0.987,"RF45,DH7,LF3"
Corey Julks,CHI,A,66,173,37,7,0,3,15,5,0.214,0.275,0.306,-1,55,80,1,1,1,0.988,"RF28,LF26,DH6,CF3"
Dominic Canzone,SEA,A,67,168,33,7,0,8,18,1,0.196,0.271,0.381,-0.4,61,100,0,0,0,1,"RF38,LF24,DH3"
Jordan Walker,STL,N,51,164,33,10,1,5,10,1,0.201,0.253,0.366,-1.2,48,64,2,1,1,0.985,"RF48,DH1"
DJ Stewart,NY,N,74,158,28,4,0,5,31,1,0.177,0.325,0.297,-0.4,36,45,2,0,1,1,"RF26,DH24,LF11,1B1"
Luis Matos,SF,N,45,150,32,5,0,5,5,0,0.213,0.237,0.347,-1.1,43,69,1,1,0,0.986,"RF21,CF19,LF7,DH1"
Dylan Crews,WAS,N,31,119,26,5,1,3,11,12,0.218,0.288,0.353,-0.3,31,66,1,0,0,1,"RF30,CF4"
Alex Call,WAS,N,30,99,34,9,0,3,12,5,0.343,0.425,0.525,1.3,30,73,2,2,2,0.974,"RF28,CF3,LF2"
Dane Myers,MIA,N,44,95,25,6,1,3,8,4,0.263,0.333,0.442,0.6,39,59,6,2,1,0.97,"RF22,CF12,LF9,DH1"
Sean Bouchard,COL,N,31,91,17,7,0,1,12,4,0.187,0.29,0.297,-0.6,30,50,2,3,0,0.945,"RF17,LF14,DH1"
Trey Cabbage,HOU,A,45,86,18,8,0,1,4,1,0.209,0.253,0.337,-0.8,39,31,1,0,0,1,"RF28,LF11,DH3"
Griffin Conine,MIA,N,30,82,22,4,1,3,6,0,0.268,0.326,0.451,0.2,25,41,4,1,2,0.978,"RF17,LF8,DH1"
Shohei Ohtani,LA,N,159,636,197,38,7,54,81,59,0.31,0.39,0.646,7.7,159,DH159,,,,,
Marcell Ozuna,ATL,N,162,606,183,31,0,39,74,1,0.302,0.378,0.546,3.6,162,DH162,,,,,
Kyle Schwarber,PHI,N,150,573,142,22,0,38,106,5,0.248,0.366,0.485,2.3,144,"DH144,OF5",,,,,
Yordan Alvarez,HOU,A,147,552,170,34,2,35,69,6,0.308,0.392,0.567,4.4,94,"DH94,OF53",,,,,
Alec Burleson,STL,N,152,547,147,20,0,21,35,9,0.269,0.314,0.42,-0.1,60,"OF75,DH60,1B15",,,,,
Brent Rooker,OAK,A,145,546,160,26,2,39,59,11,0.293,0.365,0.562,4.1,131,"DH131,OF14",,,,,
Charlie Blackmon,COL,N,124,449,115,24,5,12,43,6,0.256,0.329,0.412,-0.7,89,"DH89,OF26",,,,,
Andrew McCutchen,PIT,N,120,448,104,18,1,20,58,3,0.232,0.328,0.411,-0.3,113,"DH113,OF5",,,,,
J.D. Martinez,NY,N,120,434,102,24,1,16,49,0,0.235,0.32,0.406,-0.3,118,DH118,,,,,
G. Stanton,NY,A,114,417,97,20,0,27,38,0,0.233,0.298,0.475,0.3,109,DH109,,,,,
Masataka Yoshida,BOS,A,108,378,106,21,0,10,27,2,0.28,0.349,0.415,0.4,101,"DH101,OF1",,,,,
Mitch Garver,SEA,A,114,367,63,17,0,15,53,0,0.172,0.286,0.341,-1.1,83,"DH83,C25",,,,,
Joc Pederson,ARI,N,132,367,101,17,1,23,55,7,0.275,0.393,0.515,2.2,120,DH120,,,,,
David Fry,CLE,A,122,335,88,18,1,14,42,4,0.263,0.356,0.448,1,53,"DH53,C23,OF20,1B20,3B4",,,,,
Gary Sanchez,MIL,N,89,245,54,7,1,11,27,0,0.22,0.307,0.392,-0.7,47,"DH47,C28,1B4",,,,,
Willie Calhoun,ANA,A,68,229,56,16,0,5,23,0,0.245,0.315,0.38,-0.3,61,"DH61,1B4,OF1",,,,,
Nelson Velazquez,KC,A,64,205,41,8,1,8,19,2,0.2,0.274,0.366,-0.9,41,"DH41,OF20",,,,,
J. Malloy,DET,A,71,202,41,7,1,8,23,1,0.203,0.291,0.366,-0.8,46,"DH46,OF23",,,,,
Nick Martini,CIN,N,52,146,31,4,2,5,9,1,0.212,0.272,0.37,-0.7,31,"DH31,OF16",,,,,
Kyle Manzardo,CLE,A,53,145,34,12,0,5,9,0,0.234,0.282,0.421,-0.3,41,"DH41,1B6",,,,,
Matt Carpenter,STL,N,59,137,32,7,0,4,15,0,0.234,0.314,0.372,-0.4,40,"DH40,1B5,2B1,3B1",,,,,
Kris Bryant,COL,N,37,133,29,5,0,2,13,0,0.218,0.323,0.301,-0.9,15,"DH15,OF12,1B10",,,,,
Andres Chaparro,WAS,N,33,121,26,12,0,4,7,1,0.215,0.28,0.413,-0.2,21,"DH21,1B12",,,,,
J. Encarnacion,SF,N,35,113,28,5,0,5,5,1,0.248,0.277,0.425,-0.4,16,"OF17,DH16,1B2",,,,,
Heston Kjerstad,BAL,A,39,99,25,2,0,4,10,1,0.253,0.351,0.394,0.2,13,"OF19,DH13",,,,,
Niko Kavadas,ANA,A,30,93,17,2,0,4,11,1,0.183,0.283,0.333,-0.5,23,"DH23,1B5",,,,,
Logan Gilbert,SEA,A,33,33,1,0,208.2,148,83,37,220,3.23,1,33,26,9,3,0,0.921,P33,
Seth Lugo,KC,A,33,33,1,0,206.2,177,75,48,181,3,3.3,33,14,29,0,3,1,P33,
Logan Webb,SF,N,33,33,1,0,204.2,202,83,50,172,3.47,1.5,33,15,33,2,5,0.96,P33,
Zack Wheeler,PHI,N,32,32,0,0,200,139,62,52,224,2.57,3.9,32,21,17,0,1,1,P32,
Aaron Nola,PHI,N,33,33,1,0,199.1,189,84,50,197,3.57,1.4,33,12,16,0,2,1,P33,
Corbin Burnes,BAL,A,32,32,0,0,194.1,165,76,48,181,2.92,2.2,32,15,17,4,0,0.889,P32,
Jose Berrios,TOR,A,32,32,1,0,192.1,168,79,54,153,3.6,1.5,32,12,18,2,1,0.938,P32,
Tarik Skubal,DET,A,31,31,0,0,192,142,54,35,228,2.39,4.2,31,7,19,3,2,0.897,P31,
George Kirby,SEA,A,33,33,0,0,191,181,82,23,179,3.53,0.4,33,11,9,1,1,0.952,P33,
Dylan Cease,SD,N,33,33,1,0,189.1,137,80,65,224,3.47,1.5,33,10,17,0,0,1,P33,
Jake Irvin,WAS,N,33,33,0,0,187.2,173,97,52,156,4.41,-0.1,33,17,28,2,1,0.957,P33,
Cole Ragans,KC,A,32,32,1,0,186.1,146,71,67,223,3.14,2.2,32,7,19,0,1,1,P32,
Pablo Lopez,MIN,A,32,32,0,0,185.1,180,90,41,198,4.08,-0.1,32,11,13,1,1,0.96,P32,
Kutter Crawford,BOS,A,33,33,0,0,183.2,155,97,51,175,4.36,-0.2,33,18,8,0,1,1,P33,
Luis Severino,NY,N,31,31,1,0,182,166,86,60,161,3.91,0.4,31,9,30,5,2,0.886,P31,
Sean Manaea,NY,N,32,32,0,0,181.2,134,75,63,184,3.47,1.1,32,3,17,2,0,0.909,P32,
Brandon Pfaadt,ARI,N,32,32,0,0,181.2,183,103,42,185,4.71,-1.2,32,7,11,1,0,0.947,P32,
C. Sanchez,PHI,N,31,31,2,0,181.2,182,76,44,153,3.32,1.7,31,6,28,5,0,0.872,P31,
Kevin Gausman,TOR,A,31,31,2,0,181,165,86,56,162,3.83,0.3,31,7,9,1,0,0.941,P31,
JP Sears,OAK,A,32,32,0,0,180.2,172,93,49,137,4.38,-1,32,3,17,1,2,0.952,P32,
Bryce Miller,SEA,A,31,31,0,0,180.1,131,62,45,171,2.94,1.8,31,11,11,1,0,0.957,P31,
Brady Singer,KC,A,32,32,0,0,179.2,175,77,54,170,3.71,1.3,32,14,19,1,0,0.971,P32,
Tyler Anderson,ANA,A,31,31,0,0,179.1,158,83,73,142,3.81,0.6,31,15,9,1,1,0.96,P31,
Tanner Houck,BOS,A,30,30,1,0,178.2,156,75,48,154,3.12,2,30,32,19,0,2,1,P30,
Bailey Ober,MIN,A,31,31,1,0,178.2,136,81,43,191,3.98,0.4,31,11,17,1,0,0.966,P31,
Mitch Keller,PIT,N,31,31,1,0,178,182,90,50,166,4.25,0.3,31,10,21,0,3,1,P31,
Chris Sale,ATL,N,29,29,0,0,177.2,141,48,39,225,2.38,4.2,29,9,22,0,1,1,P29,
Framber Valdez,HOU,A,28,28,1,0,176.1,140,60,55,169,2.91,2.7,28,2,16,1,3,0.947,P28,
Luis Castillo,SEA,A,30,30,0,0,175.1,158,73,47,175,3.64,0.3,30,6,5,1,1,0.917,P30,
Carlos Rodon,NY,A,32,32,0,0,175,157,81,57,195,3.96,0.4,32,4,10,0,0,1,P32,
Patrick Corbin,WAS,N,32,32,0,0,174.2,208,114,54,139,5.62,-2.2,32,3,22,0,1,1,P32,
Nestor Cortes,NY,A,31,30,0,0,174.1,162,74,39,162,3.77,0.8,31,5,10,0,1,1,P31,
Max Fried,ATL,N,29,29,2,0,174.1,146,71,57,166,3.25,1.8,29,10,17,0,0,1,P29,
Tanner Bibee,CLE,A,31,31,0,0,173.2,150,70,44,187,3.47,1.3,31,12,21,2,1,0.943,P31,
Michael King,SD,N,31,30,0,0,173.2,144,71,63,201,2.95,2.2,31,10,21,1,2,0.969,P31,
Freddy Peralta,MIL,N,32,32,0,0,173.2,143,74,68,200,3.68,1.2,32,16,15,1,3,0.969,P32,
Shota Imanaga,CHI,N,29,29,0,0,173.1,149,66,28,174,2.91,1.7,29,4,14,0,1,1,P29,
Griffin Canning,ANA,A,32,31,0,0,171.2,174,105,66,130,5.19,-1.9,32,12,20,0,0,1,P32,
Miles Mikolas,STL,N,32,32,0,0,171.2,194,106,25,122,5.35,-1.9,32,13,11,2,1,0.923,P32,
Chris Bassitt,TOR,A,31,31,0,0,171,180,91,70,168,4.16,-0.6,31,12,16,1,3,0.966,P31,
Nathan Eovaldi,TEX,A,29,29,0,0,170.2,147,74,42,166,3.8,0.5,29,29,8,1,0,0.974,P29,
Jose Quintana,NY,N,31,31,0,0,170.1,150,73,63,135,3.75,0.9,31,13,22,0,1,1,P31,
Hunter Brown,HOU,A,31,30,0,0,170,156,71,60,179,3.49,1.1,31,19,12,1,0,0.969,P31,
Kyle Gibson,STL,N,30,30,0,0,169.2,161,91,68,151,4.24,-0.1,30,16,12,0,1,1,P30,
Colin Rea,MIL,N,32,27,0,1,167.2,169,83,43,135,4.29,0,32,20,15,5,0,0.875,P32,
Ronel Blanco,HOU,A,30,29,1,0,167.1,114,56,68,166,2.8,2.4,30,19,10,3,1,0.906,P30,
Michael Wacha,KC,A,29,29,0,0,166.2,154,65,45,145,3.35,2,29,9,20,0,3,1,P29,
MacKenzie Gore,WAS,N,32,32,0,0,166.1,171,93,65,181,3.9,-0.1,32,2,13,3,1,0.833,P32,
Sonny Gray,STL,N,28,28,0,0,166.1,142,79,39,203,3.84,0.9,28,14,17,0,1,1,P28,
Charlie Morton,ATL,N,30,30,0,0,165.1,154,85,65,167,4.19,-0.1,30,9,21,3,0,0.909,P30,
Jameson Taillon,CHI,N,28,28,0,0,165.1,154,67,33,125,3.27,1.3,28,14,11,1,0,0.962,P28,
Austin Gomber,COL,N,30,30,0,0,165,178,89,38,116,4.75,0,30,6,15,1,0,0.955,P30,
Brayan Bello,BOS,A,30,30,0,0,162.1,157,84,64,153,4.49,-0.1,30,20,16,2,1,0.947,P30,
Ryan Feltner,COL,N,30,30,0,0,162.1,165,94,52,138,4.49,-0.1,30,12,8,0,1,1,P30,
Chris Flexen,CHI,A,33,30,0,0,160,180,95,63,123,4.95,-1.7,33,8,20,0,3,1,P33,
Andrew Heaney,TEX,A,32,31,0,0,160,159,84,41,159,4.28,-0.8,32,4,8,0,0,1,P32,
Zack Littell,TB,A,29,29,0,0,156.1,164,68,31,141,3.63,0.7,29,11,9,1,2,0.952,P29,
Marcus Stroman,NY,A,30,29,0,1,154.2,167,81,60,113,4.31,-0.4,30,13,18,1,1,0.969,P30,
Luis Gil,NY,A,29,29,0,0,151.2,104,60,77,171,3.5,1.5,29,14,5,3,1,0.864,P29,
Mitch Spence,OAK,A,35,24,0,0,151.1,165,79,44,126,4.58,-1,35,11,12,1,1,0.958,P35,
Ben Lively,CLE,A,29,29,0,0,151,139,67,49,118,3.81,0.6,29,4,12,0,1,1,P29,
Mitchell Parker,WAS,N,29,29,0,0,151,154,82,43,133,4.29,-0.4,29,2,6,5,0,0.615,P29,
Ryne Nelson,ARI,N,28,25,0,1,150.2,155,73,34,126,4.24,-0.1,28,8,8,1,0,0.941,P28,
Ranger Suarez,PHI,N,27,27,1,0,150.2,140,63,41,145,3.46,1.6,27,7,27,0,1,1,P27,
Hunter Greene,CIN,N,26,26,0,0,150.1,96,47,57,169,2.75,2.2,26,5,9,0,0,1,P26,
Cal Quantrill,COL,N,29,29,0,0,148.1,156,83,69,110,4.98,-0.3,29,8,13,0,1,1,P29,
Zac Gallen,ARI,N,28,28,0,0,148,133,62,54,156,3.65,1.1,28,12,7,0,0,1,P28,
Javier Assad,CHI,N,29,29,0,0,147,143,64,63,124,3.73,0.4,29,8,14,1,2,0.957,P29,
Matt Waldron,SD,N,27,26,0,0,146.2,145,84,40,133,4.91,-1.3,27,5,14,0,2,1,P27,
Garrett Crochet,CHI,A,32,32,0,0,146,123,61,33,209,3.58,0.9,32,4,8,1,1,0.923,P32,
Nick Pivetta,BOS,A,27,26,0,0,145.2,128,70,36,172,4.14,0.4,27,8,7,1,0,0.938,P27,
S. Arrighetti,HOU,A,29,28,0,0,145,139,80,65,171,4.53,-1.2,29,5,8,0,0,1,P29,
Bailey Falter,PIT,N,28,28,0,0,142.1,138,72,45,97,4.43,0,28,6,11,0,0,1,P28,
Nick Martinez,CIN,N,42,16,1,0,142.1,128,56,18,116,3.1,1.8,42,10,15,3,1,0.893,P42,
Gavin Stone,LA,N,25,25,1,0,140.1,133,55,37,116,3.53,1.1,25,16,13,0,2,1,P25,
Andrew Abbott,CIN,N,25,25,0,0,138,127,60,52,114,3.72,1.1,25,6,8,0,0,1,P25,
Taj Bradley,TB,A,25,25,0,0,138,122,68,47,154,4.11,-0.2,25,8,8,0,0,1,P25,
Tobias Myers,MIL,N,27,25,0,0,138,126,52,36,127,3,1.6,27,10,6,3,0,0.842,P27,
Reynaldo Lopez,ATL,N,26,25,0,0,135.2,108,32,42,148,1.99,2.9,26,8,5,0,1,1,P26,
Luis Ortiz,PIT,N,37,15,0,1,135.2,109,56,42,107,3.32,1.2,37,7,10,4,0,0.81,P37,
Joe Ryan,MIN,A,23,23,0,0,135,110,59,23,147,3.6,0.6,23,10,9,2,0,0.905,P23,
Justin Steele,CHI,N,24,24,1,0,134.2,111,54,37,135,3.07,0.7,24,3,7,0,0,1,P24,
Tyler Glasnow,LA,N,22,22,0,0,134,92,53,35,168,3.49,1,22,15,8,0,0,1,P22,
Albert Suarez,BAL,A,32,24,0,0,133.2,130,56,43,108,3.7,0.6,32,9,15,1,2,0.96,P32,
Woods Richardson,MIN,A,28,28,0,0,133.2,125,63,48,117,4.17,-0.1,28,11,7,3,2,0.857,P28,
Paul Skenes,PIT,N,23,23,0,0,133,94,31,32,170,1.96,3.5,23,7,17,2,1,0.923,P23,
Kyle Hendricks,CHI,N,29,24,0,0,130.2,147,88,43,87,5.92,-2.9,29,7,11,1,1,0.947,P29,
Ryan Pepiot,TB,A,26,26,0,0,130,102,58,48,142,3.6,0.6,26,11,4,0,3,1,P26,
Dean Kremer,BAL,A,24,24,0,0,129.2,110,72,51,123,4.1,-0.7,24,11,19,2,0,0.938,P24,
Alec Marsh,KC,A,26,25,0,0,129,123,70,39,123,4.53,-0.5,26,9,11,4,0,0.833,P26,
Joey Estes,OAK,A,25,24,1,0,127.2,130,73,27,92,5.01,-1.6,25,5,5,0,2,1,P25,
Jonathan Cannon,CHI,A,23,21,0,1,124.1,125,65,40,91,4.49,-0.6,23,17,13,0,2,1,P23,
Kyle Harrison,SF,N,24,24,0,0,124.1,125,65,42,118,4.56,-0.7,24,2,12,0,1,1,P24,
S. Schwellenbach,ATL,N,21,21,0,0,123.2,106,49,23,127,3.35,1.4,21,9,24,0,2,1,P21,
Jared Jones,PIT,N,22,22,0,0,121.2,106,60,39,132,4.14,0.3,22,9,8,1,0,0.944,P22,
Andre Pallante,STL,N,29,20,0,0,121.1,110,55,48,94,3.78,0.9,29,17,16,0,2,1,P29,
Bryan Woo,SEA,A,22,22,0,0,121.1,96,41,13,101,2.89,1.2,22,14,7,0,0,1,P22,
David Peterson,NY,N,21,21,0,0,121,110,44,46,101,2.9,1.5,21,4,15,5,1,0.792,P21,
Lance Lynn,STL,N,23,23,0,0,117.1,113,64,44,109,3.84,0,23,5,3,2,0,0.8,P23,
J. Montgomery,ARI,N,25,21,0,1,117,149,83,44,83,6.23,-2.7,25,2,17,1,0,0.95,P25,
G. Rodriguez,BAL,A,20,20,0,0,116.2,109,52,36,130,3.86,0.3,20,10,7,0,1,1,P20,
Nick Lodolo,CIN,N,21,21,0,0,115.1,101,62,37,122,4.76,-0.6,21,1,9,1,0,0.909,P21,
Kyle Freeland,COL,N,21,21,0,0,113.1,134,73,26,85,5.24,-0.8,21,2,9,1,0,0.917,P21,
Jose Soriano,ANA,A,22,20,0,0,113,91,50,45,97,3.42,0.8,22,15,16,2,3,0.939,P22,
Kenta Maeda,DET,A,29,17,0,0,112.1,124,80,31,96,6.09,-1.8,28,13,10,2,3,0.92,P28,
Reese Olson,DET,A,22,22,0,0,112.1,100,51,33,101,3.53,0.5,22,3,3,1,0,0.857,P22,
Jordan Hicks,SF,N,29,20,0,1,109.2,112,54,47,96,4.1,-0.1,29,18,10,1,3,0.966,P29,
Jose Urena,TEX,A,33,9,0,1,109,105,51,39,70,3.8,0.1,33,11,9,1,0,0.952,P33,
Tyler Alexander,TB,A,23,9,0,0,107.2,110,61,24,90,5.1,-1,23,6,8,1,0,0.933,P23,
Bryse Wilson,MIL,N,34,9,0,0,104.2,102,49,31,82,4.04,0.1,34,1,6,0,0,1,P34,
Blake Snell,SF,N,20,20,1,0,104,65,38,44,145,3.12,0.8,20,5,8,1,0,0.929,P20,
Carlos Carrasco,CLE,A,21,21,0,0,103.2,112,68,33,89,5.64,-1.9,21,9,9,1,0,0.947,P21,
Bowden Francis,TOR,A,27,13,0,0,103.2,74,41,22,92,3.3,1,27,4,7,0,0,1,P27,
Jon Gray,TEX,A,23,19,0,0,102.2,107,54,28,86,4.47,-0.5,23,8,10,0,0,1,P23,
Casey Mize,DET,A,22,20,0,0,102.1,121,57,29,78,4.49,-0.3,22,6,14,0,4,1,P22,
Joe Musgrove,SD,N,19,19,0,0,99.2,94,44,23,101,3.88,0.4,19,11,12,1,0,0.958,P19,
Cooper Criswell,BOS,A,26,18,0,0,99.1,103,52,31,73,4.08,0.1,26,8,4,0,1,1,P26,
Keider Montero,DET,A,19,16,1,0,98.1,100,54,31,77,4.76,-0.6,19,4,9,0,0,1,P19,
Randy Vasquez,SD,N,20,20,0,0,98,119,56,29,62,4.87,-0.7,20,4,15,0,2,1,P20,
Logan Allen,CLE,A,20,20,0,0,97.1,113,63,41,79,5.73,-1.9,20,4,10,0,0,1,P20,
Edward Cabrera,MIA,N,20,20,0,0,96.1,82,60,50,107,4.95,-0.5,20,4,6,4,0,0.714,P20,
Gerrit Cole,NY,A,17,17,0,0,95,78,38,29,99,3.41,0.9,17,4,6,0,0,1,P17,
Dane Dunning,TEX,A,26,15,0,0,95,97,60,40,91,5.31,-1.6,26,10,7,1,0,0.944,P26,
Tyler Holton,DET,A,66,9,0,8,94.1,57,25,17,77,2.19,2.1,66,4,12,0,0,1,P66,
Carson Spiers,CIN,N,22,10,0,0,90.2,112,59,27,80,5.46,-1.4,22,9,4,0,1,1,P22,
Justin Verlander,HOU,A,17,17,0,0,90.1,98,56,27,74,5.48,-1.5,17,4,5,0,0,1,P17,
Derek Law,WAS,N,75,0,0,1,90,82,31,24,76,2.6,1.6,75,4,6,0,2,1,P75,
Y. Yamamoto,LA,N,18,18,0,0,90,78,32,22,105,3,1,18,5,9,0,0,1,P18,
Dakota Hudson,COL,N,18,18,0,0,89,99,66,50,49,6.17,-1.8,18,3,11,0,2,1,P18,
DJ Herz,WAS,N,19,19,0,0,88.2,76,45,36,106,4.16,0,19,0,5,0,0,1,P19,
Chris Paddack,MIN,A,17,17,0,0,88.1,102,50,21,79,4.99,-0.6,17,5,8,0,0,1,P17,
Reid Detmers,ANA,A,17,17,0,0,87.1,98,67,38,109,6.7,-3,17,3,5,0,0,1,P17,
Carson Fulmer,ANA,A,37,8,0,0,86.2,81,45,40,81,4.15,-0.1,37,2,5,2,0,0.778,P37,
Yariel Rodriguez,TOR,A,21,21,0,0,86.2,74,46,40,85,4.47,-0.4,21,8,7,0,0,1,P21,
Ryan Weathers,MIA,N,16,16,0,0,86.2,78,39,24,80,3.63,0,16,1,10,0,0,1,P16,
M. Liberatore,STL,N,60,6,0,0,86,81,44,28,76,4.4,0.1,60,4,17,1,2,0.955,P60,
Clarke Schmidt,NY,A,16,16,0,0,85.1,71,31,30,93,2.85,1.2,16,7,7,1,0,0.933,P16,
Ross Stripling,OAK,A,22,14,0,0,85.1,109,65,22,49,6.01,-2.8,22,5,8,1,0,0.929,P22,
Luke Weaver,NY,A,62,0,0,4,84,52,28,26,103,2.89,1.3,62,2,5,2,0,0.778,P62,
Taijuan Walker,PHI,N,19,15,0,0,83.2,107,68,37,58,7.1,-2.5,19,9,8,1,2,0.944,P19,
Roddery Munoz,MIA,N,18,17,0,0,82.2,89,66,42,70,6.53,-1.6,18,2,6,4,0,0.667,P18,
Yu Darvish,SD,N,16,16,0,0,81.2,65,32,22,78,3.31,0.8,16,4,9,0,0,1,P16,
Sean Hjelle,SF,N,58,0,0,0,80.2,84,37,14,75,3.9,0.2,58,14,13,0,2,1,P58,
Ryan Walker,SF,N,76,1,0,10,80,50,19,18,99,1.91,3.4,76,5,6,0,0,1,P76,
Cade Povich,BAL,A,16,16,0,0,79.2,80,49,34,69,5.2,-1.4,16,2,9,0,2,1,P16,
Patrick Sandoval,ANA,A,16,16,0,0,79.2,85,49,35,81,5.08,-1,16,1,9,1,0,0.909,P16,
Mike Soroka,CHI,A,25,9,0,0,79.2,66,49,44,84,4.74,-1,25,3,7,2,0,0.833,P25,
Shane Baz,TB,A,14,14,0,0,79.1,57,28,27,69,3.06,0.7,14,4,3,0,1,1,P14,
Keegan Akin,BAL,A,66,0,0,1,78.2,55,31,19,97,3.32,0.3,66,0,7,0,0,1,P66,
Bryan Abreu,HOU,A,78,0,0,1,78.1,59,27,32,103,3.1,0.6,78,5,3,0,0,1,P78,
Tylor Megill,NY,N,16,15,0,0,78,70,39,32,91,4.04,0,16,7,11,0,1,1,P16,
Graham Ashcraft,CIN,N,15,15,0,0,77.1,89,50,27,57,5.24,-1,15,10,8,3,0,0.857,P15,
Slade Cecconi,ARI,N,20,13,0,0,77,92,57,17,64,6.66,-1.9,20,3,6,0,0,1,P20,
Cody Bradford,TEX,A,14,13,0,0,76.1,64,32,13,70,3.54,0.4,14,4,8,1,1,0.923,P14,
Gavin Williams,CLE,A,16,16,0,0,76,72,42,32,79,4.86,-0.9,16,3,9,1,0,0.923,P16,
Josh Winckowski,BOS,A,40,6,0,2,76,81,44,26,60,4.14,-0.1,40,9,6,0,1,1,P40,
Triston McKenzie,CLE,A,16,16,0,0,75.2,69,46,49,74,5.11,-0.9,16,9,2,1,0,0.917,P16,
Walker Buehler,LA,N,16,16,0,0,75.1,89,52,28,64,5.38,-1,16,9,8,1,2,0.944,P16,
Cade Smith,CLE,A,74,0,0,1,75.1,51,16,17,103,1.91,1.6,74,4,3,0,0,1,P74,
Hunter Gaddis,CLE,A,78,0,0,0,74.2,43,16,14,66,1.57,2.2,78,5,6,2,0,0.846,P78,
Emmanuel Clase,CLE,A,74,0,0,47,74.1,39,10,10,66,0.61,5.1,74,4,5,2,1,0.818,P74,
Jose Butto,NY,N,30,7,0,3,74,41,21,38,79,2.55,1.8,30,5,5,0,1,1,P30,
Joe Ross,MIL,N,25,10,0,0,74,72,35,29,66,3.77,0.3,25,5,3,0,0,1,P25,
Merrill Kelly,ARI,N,13,13,0,0,73.2,67,35,19,63,4.03,0.1,13,9,5,2,0,0.875,P13,
Victor Vodnik,COL,N,64,0,0,9,73.2,72,37,37,65,4.28,0.4,64,9,5,0,0,1,P64,
Jared Shuster,CHI,A,39,4,0,0,73.1,74,38,33,56,4.3,-0.2,39,6,4,1,0,0.909,P39,
H. Strickland,ANA,A,72,0,0,1,73.1,56,31,24,57,3.31,0.3,72,2,3,0,0,1,P72,
Justin Martinez,ARI,N,64,0,0,8,72.2,59,26,36,91,2.48,1.8,64,1,7,1,0,0.889,P64,
Hogan Harris,OAK,A,21,9,0,0,72.1,65,29,33,61,2.86,0.7,21,1,5,1,0,0.857,P21,
Trent Thornton,SEA,A,71,0,0,1,72.1,63,32,19,77,3.61,0.1,71,3,6,1,0,0.9,P71,
Hayden Birdsong,SF,N,16,16,0,0,72,57,39,43,88,4.75,-0.8,16,7,4,1,0,0.917,P16,
David Robertson,TEX,A,68,0,0,2,72,53,25,27,99,3,0.8,68,3,8,0,0,1,P68,
Ty Blach,COL,N,20,12,0,0,71.1,103,55,18,36,6.94,-1.8,20,5,14,0,2,1,P20,
Cole Sands,MIN,A,62,0,0,4,71.1,59,30,12,85,3.28,0.7,62,5,4,1,0,0.9,P62,
Buck Farmer,CIN,N,61,1,0,1,71,56,25,29,70,3.04,0.6,61,3,3,0,0,1,P61,
Josh Hader,HOU,A,71,0,0,34,71,43,33,25,105,3.8,0.3,71,3,6,0,0,1,P71,
Griffin Jax,MIN,A,72,0,0,10,71,47,19,15,95,2.03,2.4,72,4,6,0,0,1,P72,
Kevin Kelly,TB,A,68,0,0,1,70.2,59,25,9,63,2.67,0.9,68,4,11,0,0,1,P68,
Andrew Kittredge,STL,N,74,0,0,1,70.2,60,26,20,67,2.8,1.3,74,3,7,1,1,0.909,P74,
Declan Cronin,MIA,N,56,0,0,0,70.1,75,41,25,72,4.35,0,56,4,3,1,0,0.875,P56,
Tyler Rogers,SF,N,77,0,0,1,70.1,67,23,6,51,2.82,0.9,77,5,9,1,1,0.933,P77,
Will Vest,DET,A,69,0,0,2,70.1,61,23,18,63,2.82,1,69,4,7,0,0,1,P69,
Kevin Ginkel,ARI,N,72,0,0,5,70,69,31,15,77,3.21,0.8,72,4,4,0,0,1,P72,
Adrian Houser,NY,N,23,7,0,1,69.1,74,48,32,45,5.84,-1,23,4,11,0,1,1,P23,
Raisel Iglesias,ATL,N,66,0,0,34,69.1,38,19,13,68,1.95,3.1,66,4,11,0,1,1,P66,
Landon Knack,LA,N,15,12,0,1,69,58,28,18,69,3.65,0.4,15,7,1,0,0,1,P15,
Valente Bellozo,MIA,N,13,13,0,0,68.2,69,31,21,44,3.67,0.5,13,4,5,0,0,1,P13,
Joe Jimenez,ATL,N,69,0,0,3,68.2,45,22,23,82,2.62,1,69,2,3,1,0,0.833,P69,
Tayler Scott,HOU,A,62,1,0,0,68.2,45,21,35,71,2.23,1.7,62,11,5,0,0,1,P62,
Grant Holmes,ATL,N,26,7,0,0,68.1,66,27,15,70,3.56,0.3,26,3,6,0,1,1,P26,
Beau Brieske,DET,A,46,12,0,1,67.2,55,31,30,69,3.59,0.4,46,3,8,0,1,1,P46,
Hayden Wesneski,CHI,N,28,7,0,0,67.2,56,37,21,67,3.86,-0.2,28,8,7,2,1,0.882,P28,
Erik Miller,SF,N,73,10,0,0,67.1,50,33,38,87,3.88,0,73,0,5,1,0,0.833,P73,
Fernando Cruz,CIN,N,69,3,0,0,66.2,54,36,35,109,4.86,-0.4,69,2,7,0,0,1,P69,
Ryan Fernandez,STL,N,62,0,0,2,66.2,58,30,32,71,3.51,0.5,62,5,6,0,0,1,P62,
Jose Leclerc,TEX,A,64,0,0,1,66.2,56,33,32,89,4.32,-0.3,64,2,5,1,1,0.875,P64,
Jesus Luzardo,MIA,N,12,12,0,0,66.2,61,37,22,58,4.99,-0.1,12,3,10,0,0,1,P12,
Trevor Williams,WAS,N,13,13,0,0,66.2,51,17,18,59,2.03,1.5,13,2,5,0,0,1,P13,
Ryan Helsley,STL,N,65,0,0,49,66.1,50,19,23,79,2.04,3,65,6,3,0,2,1,P65,
Jeff Hoffman,PHI,N,68,0,0,10,66.1,48,20,16,89,2.17,1.5,68,9,1,0,0,1,P68,
Ryan Thompson,ARI,N,67,0,0,2,66.1,64,26,15,52,3.26,1.2,67,7,13,1,1,0.952,P67,
Alex Vesia,LA,N,67,0,0,5,66.1,33,19,33,87,1.76,2,67,1,6,1,1,0.875,P67,
Jacob Barnes,WAS,N,63,0,0,0,66,67,36,20,55,4.36,-0.2,63,6,2,1,0,0.889,P63,
Tim Herrin,CLE,A,75,0,0,0,65.2,39,17,25,68,1.92,1.3,75,2,17,1,2,0.95,P75,
Brent Suter,CIN,N,47,3,0,2,65.2,63,25,12,50,3.15,0.4,47,7,10,1,0,0.944,P47,
Jack Kochanowicz,ANA,A,11,11,0,0,65.1,68,30,10,25,3.99,0.1,11,3,7,0,1,1,P11,
Mason Miller,OAK,A,55,0,0,28,65,36,23,21,104,2.49,1.2,55,2,1,0,0,1,P55,
Robert Suarez,SD,N,65,0,0,36,65,52,21,16,59,2.77,2,65,5,2,0,0,1,P65,
Hoby Milner,MIL,N,61,1,0,1,64.2,63,38,14,64,4.73,-0.3,61,11,12,0,0,1,P61,
David Festa,MIN,A,14,13,0,0,64.1,62,36,23,77,4.9,-0.6,14,1,4,0,0,1,P14,
Tyler Kinley,COL,N,67,0,0,12,64,61,44,33,72,6.19,-1.1,67,2,7,1,0,0.9,P67,
Kyle Finnegan,WAS,N,65,0,0,38,63.2,61,31,24,60,3.68,0.5,65,0,5,0,1,1,P65,
Adrian Morejon,SD,N,60,0,0,2,63.2,63,24,21,71,2.83,0.6,60,1,5,0,0,1,P60,
Osvaldo Bido,OAK,A,16,9,0,0,63.1,43,25,26,63,3.41,0.5,16,3,5,1,0,0.889,P16,
Jesse Chavez,ATL,N,46,0,0,0,63.1,60,27,19,55,3.13,0.3,46,2,8,1,0,0.909,P46,
Greg Weissert,BOS,A,62,0,0,1,63.1,65,32,20,58,3.13,0.4,62,4,7,0,1,1,P62,
Clay Holmes,NY,A,67,0,0,30,63,60,29,22,68,3.14,0.9,67,6,4,0,0,1,P67,
Daniel Hudson,LA,N,65,0,0,10,63,46,25,19,63,3,0.9,65,4,3,0,0,1,P65,
Orion Kerkering,PHI,N,64,2,0,0,63,51,20,17,74,2.29,1.3,64,3,1,0,0,1,P64,
Genesis Cabrera,TOR,A,69,0,0,2,62.2,63,31,29,50,3.59,0.1,69,3,3,0,0,1,P69,
Yuki Matsui,SD,N,64,0,0,0,62.2,46,27,27,69,3.73,0.2,64,1,4,1,0,0.833,P64,
Matt Strahm,PHI,N,66,0,0,3,62.2,36,14,11,79,1.87,2,66,1,2,0,0,1,P66,
Bryan Hudson,MIL,N,43,0,0,0,62.1,28,12,17,62,1.73,1.8,43,5,5,0,0,1,P43,
Jared Koenig,MIL,N,55,6,0,1,62,54,22,23,63,2.47,1.9,55,0,5,2,0,0.714,P55,
Jose Alvarado,PHI,N,66,0,0,13,61.2,49,30,28,63,4.09,0.1,66,2,2,0,0,1,P66,
Aroldis Chapman,PIT,N,68,0,0,14,61.2,44,31,39,98,3.79,0.5,68,2,7,0,0,1,P68,
Kirby Yates,TEX,A,61,0,0,33,61.2,23,10,28,85,1.17,4,61,4,6,1,0,0.909,P61,
Peter Lambert,COL,N,28,3,0,0,61.1,73,42,29,50,5.72,-0.6,28,5,7,2,2,0.857,P28,
Jeremiah Estrada,SD,N,62,0,0,1,61,42,22,23,94,2.95,1,62,1,2,1,0,0.75,P62,
Austin Voth,SEA,A,68,0,0,0,61,46,31,18,61,3.69,-0.2,68,10,2,1,0,0.923,P68,
Emerson Hancock,SEA,A,12,12,0,0,60.2,62,37,19,39,4.75,-1,12,9,2,2,0,0.846,P12,
Yennier Cano,BAL,A,70,0,0,5,60,54,24,24,65,3.15,0.6,70,6,9,0,1,1,P70,
G. Cleavinger,TB,A,68,0,0,6,60,52,29,31,71,3.75,0.2,68,0,6,0,0,1,P68,
Jason Foley,DET,A,69,0,0,28,60,51,28,20,46,3.15,0.8,69,1,5,0,1,1,P69,
John King,STL,N,56,0,0,0,60,58,23,14,38,2.85,0.8,56,6,12,1,0,0.947,P56,
Taylor Rogers,SF,N,64,0,0,0,60,53,22,22,64,2.4,0.6,64,2,6,1,0,0.889,P64,
Robert Garcia,WAS,N,72,0,0,0,59.2,55,34,16,75,4.22,-0.2,72,0,3,1,1,0.75,P72,
Justin Lawrence,COL,N,56,0,0,2,59.2,73,52,33,45,6.49,-1.6,56,4,11,0,1,1,P56,
Dylan Lee,ATL,N,52,0,0,0,59.2,49,19,17,76,2.11,1.1,52,1,5,0,0,1,P52,
Joe Mantiply,ARI,N,75,2,0,1,59.2,52,27,18,53,3.92,0.3,75,4,7,1,1,0.917,P75,
Anthony Molina,COL,N,35,1,0,0,59.2,72,46,22,41,6.79,-0.6,35,8,4,0,0,1,P35,
Bryce Jarvis,ARI,N,44,0,0,0,59.1,52,25,33,38,3.19,0.2,44,3,5,0,0,1,P44,
Andres Munoz,SEA,A,60,0,0,22,59.1,31,16,26,77,2.12,2.3,60,0,8,1,0,0.889,P60,
Camilo Doval,SF,N,62,0,0,23,59,54,35,39,78,4.88,-1.2,62,7,6,2,2,0.867,P62,
Joel Payamps,MIL,N,68,0,0,6,59,39,23,18,59,3.05,1.1,68,1,3,2,0,0.667,P68,
JoJo Romero,STL,N,65,0,0,1,59,52,23,16,51,3.36,1,65,0,6,0,0,1,P65,
Drew Smyly,CHI,N,50,0,0,0,58.2,57,29,25,56,3.84,-0.1,50,3,3,1,0,0.857,P50,
Jorge Alcala,MIN,A,54,0,0,0,58.1,40,23,20,58,3.24,0.6,54,4,6,0,0,1,P54,
Chris Stratton,KC,A,57,0,0,4,58.1,53,38,33,44,5.55,-0.9,57,2,10,0,1,1,P57,
David Bednar,PIT,N,62,0,0,23,57.2,54,40,28,58,5.77,-1.7,62,4,2,0,0,1,P62,
Nick Sandlin,CLE,A,68,1,0,1,57.2,46,29,27,68,3.75,0.1,68,1,9,0,1,1,P68,
Alex Faedo,DET,A,37,6,0,0,57.1,49,24,28,55,3.61,0.5,37,3,4,1,1,0.875,P37,
Reed Garrett,NY,N,53,0,0,4,57.1,50,28,30,83,3.77,0.2,53,1,7,1,0,0.889,P53,
Max Meyer,MIA,N,11,11,0,0,57,62,38,19,46,5.68,-0.7,11,8,4,1,0,0.923,P11,
Zack Kelly,BOS,A,49,3,0,0,56.2,44,31,27,61,3.97,0.1,49,9,9,0,0,1,P49,
James McArthur,KC,A,57,0,0,18,56.2,68,36,14,49,4.92,-1,57,4,9,1,0,0.929,P57,
T.J. McFarland,OAK,A,79,0,0,0,56.2,53,28,17,39,3.81,0.1,79,9,9,0,1,1,P79,
Ryan Pressly,HOU,A,59,0,0,4,56.2,58,25,18,58,3.49,0.3,59,5,6,0,1,1,P59,
Jacob Webb,BAL,A,60,0,0,2,56.2,40,23,27,58,3.02,0.6,60,2,6,0,0,1,P60,
Alexis Diaz,CIN,N,60,0,0,28,56.1,42,31,31,55,3.99,-0.1,60,4,2,0,1,1,P60,
Pierce Johnson,ATL,N,58,0,0,2,56.1,48,25,25,67,3.67,0.6,58,2,9,0,1,1,P58,
Bobby Miller,LA,N,13,13,0,0,56,69,53,30,52,8.52,-2.4,13,2,2,0,0,1,P13,
Adam Ottavino,NY,N,60,0,0,1,56,49,29,23,70,4.34,-0.1,60,9,2,0,0,1,P60,
Shelby Miller,DET,A,51,0,0,2,55.2,41,31,13,49,4.53,-0.6,51,2,0,0,0,1,P51,
Ben Brown,CHI,N,15,8,0,0,55.1,41,22,19,64,3.58,0.2,15,4,1,0,0,1,P15,
Aaron Bummer,ATL,N,56,0,0,0,55.1,61,24,18,69,3.58,0.4,56,1,10,1,0,0.917,P56,
Justin Slaten,BOS,A,44,0,0,2,55.1,47,21,9,58,2.93,1,44,2,2,0,0,1,P44,
Keaton Winn,SF,N,12,12,0,0,55.1,56,44,20,48,7.16,-2.9,12,7,4,0,0,1,P12,
Scott Barlow,CLE,A,63,0,0,2,55,44,27,31,68,4.25,-0.1,63,4,5,0,0,1,P63,
Kenley Jansen,BOS,A,54,0,0,27,54.2,38,20,20,62,3.29,1.2,54,1,1,0,0,1,P54,
Kyle Nicolas,PIT,N,51,0,0,0,54.2,51,30,31,55,3.95,0,51,2,3,0,1,1,P51,
Evan Phillips,LA,N,61,0,0,18,54.2,48,30,17,63,3.62,-0.1,61,4,4,1,0,0.889,P61,
Jhoan Duran,MIN,A,58,0,0,23,54.1,48,30,15,66,3.64,0,58,8,11,1,0,0.95,P58,
Spencer Turnbull,PHI,N,17,7,0,0,54.1,37,17,20,58,2.65,0.5,17,7,3,0,0,1,P17,
Edwin Diaz,NY,N,54,0,0,20,53.2,36,23,20,84,3.52,0.6,54,1,3,1,0,0.8,P54,
Calvin Faucher,MIA,N,53,0,0,6,53.2,49,25,26,63,3.19,0.6,53,0,6,0,0,1,P53,
Cionel Perez,BAL,A,62,0,0,2,53.2,47,29,28,46,4.53,-0.1,62,4,10,0,0,1,P62,
Angel Zerpa,KC,A,60,0,0,0,53.2,59,24,19,49,3.86,0.2,60,3,8,2,0,0.846,P60,
Justin Anderson,CHI,A,56,0,0,1,53.1,48,29,32,57,4.39,-0.2,56,1,4,0,0,1,P56,
Chad Green,TOR,A,53,0,0,17,53.1,41,20,14,46,3.21,1,53,2,3,0,0,1,P53,
Chad Kuhl,CHI,A,31,1,0,1,53.1,56,33,25,54,5.06,-0.3,31,6,3,0,1,1,P31,
Anthony Bender,MIA,N,59,0,0,1,53,50,25,18,59,4.08,0.4,59,4,2,0,0,1,P59,
Seth Martinez,HOU,A,44,0,0,1,52.2,49,24,18,36,3.59,0.2,44,5,5,0,0,1,P44,
Craig Kimbrel,BAL,A,57,0,0,23,52.1,40,35,31,73,5.33,-1.8,57,3,2,1,0,0.833,P57,
Randy Rodriguez,SF,N,35,1,0,0,52.1,47,29,18,53,4.3,-0.3,35,2,6,0,0,1,P35,
Jose Suarez,ANA,A,22,3,0,1,52.1,57,38,27,56,6.02,-0.6,22,0,3,0,0,1,P22,
John Schreiber,KC,A,59,0,0,2,51.2,48,23,20,46,3.66,0.4,59,6,4,1,0,0.909,P59,
Tyler Ferguson,OAK,A,48,0,0,2,51.1,32,23,24,62,3.68,0.1,48,0,2,0,0,1,P48,
Colin Holderman,PIT,N,55,0,0,0,51.1,42,23,25,56,3.16,0.8,55,5,4,0,0,1,P55,
Elvis Peguero,MIL,N,52,0,0,2,51.1,52,22,27,47,2.98,1,52,1,5,1,1,0.857,P52,
B. Bernardino,BOS,A,57,3,0,0,51,50,25,22,56,4.06,0.2,57,5,6,2,0,0.846,P57,
Michael Grove,LA,N,39,2,0,0,51,46,31,16,54,5.12,-0.9,39,3,4,0,0,1,P39,
Tanner Rainey,WAS,N,50,0,0,0,51,47,28,29,44,4.76,-0.1,50,4,2,0,0,1,P50,
Jose Ruiz,PHI,N,52,0,0,1,51,51,23,17,52,3.71,0.2,52,1,2,0,0,1,P52,
C. Mlodzinski,PIT,N,40,4,0,0,50.2,41,22,19,46,3.38,0.8,40,8,1,0,0,1,P40,
Landen Roupp,SF,N,23,4,0,0,50.1,43,21,26,47,3.58,0.2,23,3,8,0,0,1,P23,
Davis Martin,CHI,A,11,10,0,0,50,50,25,23,47,4.32,-0.1,11,4,8,1,0,0.923,P11,
E. Rodriguez,ARI,N,10,10,0,0,50,56,29,19,47,5.04,-0.6,10,0,4,1,0,0.8,P10,
Anthony Banda,LA,N,48,2,0,2,49.2,44,19,18,50,3.08,0.5,48,1,7,0,0,1,P48,
Bryce Elder,ATL,N,10,10,0,0,49.2,64,37,17,46,6.52,-1.4,10,6,3,0,2,1,P10,
Andrew Nardi,MIA,N,59,0,0,0,49.2,44,29,18,70,5.07,-0.2,59,0,4,0,0,1,P59,
Louie Varland,MIN,A,16,7,0,0,49.2,68,44,16,49,7.61,-2,16,2,4,1,0,0.857,P16,
Kyle Muller,OAK,A,21,0,0,0,49.1,48,25,10,36,4.01,0,21,5,4,1,0,0.9,P21,
Spencer Bivens,SF,N,27,2,0,1,48.2,47,20,11,37,3.14,0.3,27,6,7,0,1,1,P27,
Kyle Leahy,STL,N,33,0,0,1,48.2,40,23,10,33,4.07,0,33,1,3,1,1,0.8,P33,
Matt Moore,ANA,A,51,0,0,1,48.1,39,31,26,41,5.03,-0.9,51,1,6,0,0,1,P51,
Zach Pop,TOR,A,58,0,0,1,48.1,45,36,19,33,5.59,-1.2,58,3,5,1,0,0.889,P58,
Joe Boyle,OAK,A,13,10,0,0,47.2,42,35,40,56,6.42,-2,13,1,2,1,0,0.75,P13,
Christian Scott,NY,N,9,9,0,0,47.1,45,24,12,39,4.56,-0.1,9,3,2,0,0,1,P9,
Caleb Thielbar,MIN,A,59,0,0,3,47.1,50,33,24,53,5.32,-1,59,1,5,1,0,0.857,P59,
Stephen Kolek,SD,N,42,0,0,0,46.2,59,30,12,39,5.21,-0.3,42,1,8,0,0,1,P42,
Blake Treinen,LA,N,50,0,0,1,46.2,33,11,11,56,1.93,2.2,50,2,3,1,0,0.833,P50,
Justin Wilson,CIN,N,60,0,0,2,46.2,55,30,13,51,5.59,-0.8,60,2,4,2,0,0.75,P60,
Trevor Megill,MIL,N,48,0,0,21,46.1,33,16,14,50,2.72,1.1,48,2,3,0,1,1,P48,
Jordan Wicks,CHI,N,11,10,0,0,46,55,31,20,42,5.48,-1,11,0,4,0,1,1,P11,
Brendon Little,TOR,A,49,0,0,1,45.2,41,21,19,36,3.74,0.2,49,6,9,0,2,1,P49,
Shawn Dubin,HOU,A,31,2,0,2,45.1,45,25,26,49,4.17,-0.1,31,5,1,0,0,1,P31,
Peter Fairbanks,TB,A,46,0,0,23,45.1,36,20,17,44,3.57,0.4,46,2,5,0,0,1,P46,
Brant Hurter,DET,A,10,1,0,0,45.1,34,13,6,38,2.58,1.2,10,3,1,0,0,1,P10,
Chris Martin,BOS,A,45,0,0,2,44.1,47,22,3,50,3.45,0.3,45,8,7,1,0,0.938,P45,
Steven Matz,STL,N,12,7,0,0,44.1,49,28,15,33,5.08,-0.2,12,2,7,1,2,0.9,P12,
Drew Thorpe,CHI,A,9,9,0,0,44.1,35,29,21,25,5.48,-0.8,9,10,3,1,0,0.929,P9,
Jhony Brito,SD,N,26,0,0,0,43.2,49,23,10,29,4.12,-0.1,26,2,5,1,0,0.875,P26,
Jake Latz,TEX,A,46,0,0,0,43.2,39,20,27,40,3.71,0.1,46,2,3,0,0,1,P46,
Daniel Lynch,KC,A,16,3,0,1,43.1,29,17,14,39,3.32,0.3,16,3,6,1,1,0.9,P16,
Max Scherzer,TEX,A,9,9,0,0,43.1,40,20,10,40,3.95,0,9,4,5,1,0,0.9,P9,
DL Hall,MIL,N,13,7,0,0,43,48,26,21,44,5.02,-0.3,13,0,3,0,0,1,P13,
Porter Hodge,CHI,N,39,0,0,9,43,19,10,19,52,1.88,1.3,39,5,3,0,0,1,P39,
Cam Booser,BOS,A,43,0,0,1,42.2,41,17,16,43,3.38,0.5,43,3,3,1,0,0.857,P43,
Tommy Kahnle,NY,A,50,0,0,1,42.2,30,16,19,46,2.11,0.3,50,4,2,0,0,1,P50,
Sammy Long,KC,A,43,0,0,1,42.2,34,17,17,44,3.16,0.6,43,1,6,0,1,1,P43,
Adam Oller,MIA,N,8,8,0,0,42.1,43,25,22,36,5.31,-0.3,8,1,2,0,0,1,P8,
Eli Morgan,CLE,A,32,0,0,0,42,30,11,11,34,1.93,0.7,32,4,9,0,0,1,P32,
Collin Snider,SEA,A,42,0,0,0,41.2,36,14,13,47,1.94,1.1,42,5,3,1,0,0.889,P42,
Edwin Uceta,TB,A,30,0,0,5,41.2,26,8,8,57,1.51,0.7,30,2,1,0,0,1,P30,
Jordan Weems,WAS,N,41,0,0,0,41.2,49,35,24,35,6.7,-0.5,41,1,8,1,1,0.9,P41,
Austin Adams,OAK,A,56,0,0,0,41.1,38,20,23,53,3.92,0,56,2,2,0,1,1,P56,
Will Smith,KC,A,45,0,0,1,41.1,45,31,15,29,6.53,-0.9,45,0,7,3,0,0.7,P45,
Jake Bird,COL,N,35,0,0,1,40,43,21,25,31,4.5,0.1,35,0,5,0,0,1,P35,
Luis Medina,OAK,A,8,8,0,0,40,43,24,20,32,5.18,-0.7,8,4,3,1,1,0.875,P8,
Matt Boyd,CLE,A,8,8,0,0,39.2,32,16,13,46,2.72,0.4,8,1,3,1,0,0.8,P8,
Paul Sewald,ARI,N,42,0,0,16,39.2,35,19,10,43,4.31,0,42,3,3,0,0,1,P42,
Kyle Bradish,BAL,A,8,8,0,0,39.1,27,12,15,53,2.75,0.4,8,4,7,0,0,1,P8,
Erik Swanson,TOR,A,45,0,0,0,39.1,36,22,14,37,5.03,-0.4,45,2,2,1,0,0.8,P45,
Alex Wood,OAK,A,9,9,0,0,39.1,51,27,19,33,5.26,-0.6,9,2,7,0,1,1,P9,
Scott Alexander,OAK,A,45,0,0,0,38.2,31,14,15,31,2.56,0.5,45,1,7,0,0,1,P45,
Joey Cantillo,CLE,A,9,8,0,0,38.2,35,22,15,44,4.89,-0.5,9,0,2,0,0,1,P9,
Tayler Saucedo,SEA,A,53,0,0,3,38.2,35,15,18,38,3.49,0.2,53,0,9,1,0,0.9,P53,
Tommy Henry,ARI,N,9,7,0,0,38.1,49,31,18,30,7.04,-1.3,9,3,1,0,0,1,P9,
Rafael Montero,HOU,A,41,0,0,0,38.1,35,21,19,23,4.7,-0.2,41,1,3,1,0,0.8,P41,
Wandy Peralta,SD,N,46,0,0,0,38.1,33,19,13,22,3.99,0,46,2,5,0,0,1,P46,
Jake Cousins,NY,A,37,0,0,1,38,20,14,20,53,2.37,0.5,37,0,6,0,0,1,P37,
Emilio Pagan,CIN,N,38,1,0,1,38,40,20,11,44,4.5,-0.2,38,2,3,0,0,1,P38,
Ian Hamilton,NY,A,35,0,0,1,37.2,37,17,14,41,3.82,0.1,35,5,0,0,1,1,P35,
Zebby Matthews,MIN,A,9,9,0,0,37.2,51,31,11,43,6.69,-1.3,9,4,5,1,0,0.9,P9,
Sam Moll,CIN,N,48,0,0,0,37.2,27,16,14,38,3.35,0.4,48,2,4,0,0,1,P48,
Manuel Rodriguez,TB,A,40,0,0,2,37.2,29,13,11,34,2.15,1.2,40,1,4,0,0,1,P40,
Hunter Stratton,PIT,N,36,0,0,1,37.2,37,17,7,33,3.58,0.2,36,2,2,2,0,0.667,P36,
Danny Young,NY,N,42,0,0,0,37.2,29,22,18,48,4.54,-0.3,42,2,2,2,0,0.667,P42,
Colin Poche,TB,A,43,0,0,2,37.1,30,16,13,33,3.86,0.1,43,0,1,0,0,1,P43,
Braxton Garrett,MIA,N,7,7,1,0,37,40,24,4,34,5.35,-0.3,7,1,3,0,0,1,P7,
Tyler Phillips,PHI,N,8,7,1,0,36.2,45,28,7,28,6.87,-1.1,8,3,4,0,0,1,P8,
Mason Black,SF,N,9,8,0,0,36.1,46,26,15,31,6.44,-1.3,9,2,2,0,0,1,P9,
Justin Wrobleski,LA,N,8,6,0,1,36.1,34,24,16,26,5.7,-0.5,8,0,1,1,0,0.5,P8,
Nick Anderson,KC,A,37,0,0,1,35.2,35,17,15,29,4.04,0.1,37,1,3,0,0,1,P37,
Jack Leiter,TEX,A,9,6,0,0,35.2,44,39,17,31,8.83,-1.4,9,3,3,0,0,1,P9,
Nick Nastrini,CHI,A,9,8,0,0,35.2,32,33,36,26,7.07,-2.1,9,1,2,0,0,1,P9,
Sixto Sanchez,MIA,N,14,7,0,0,35.2,43,29,14,17,6.06,-0.5,14,5,3,0,2,1,P14,
Steven Okert,MIN,A,44,1,0,1,35.1,37,22,16,33,5.09,-0.5,44,1,6,0,0,1,P44,
Dedniel Nunez,NY,N,25,0,0,1,35,24,11,8,48,2.31,0.3,25,0,1,2,0,0.333,P25,
Kody Funderburk,MIN,A,27,0,0,1,34.2,41,26,15,32,6.49,-0.4,27,1,6,1,0,0.875,P27,
Cristian Javier,HOU,A,7,7,0,0,34.2,30,16,19,27,3.89,0,7,1,2,0,0,1,P7,
Ben Joyce,ANA,A,31,1,0,4,34.2,26,8,14,33,2.08,0.6,31,3,1,1,0,0.8,P31,
Steven Wilson,CHI,A,40,0,0,0,34.2,29,29,26,34,5.71,-1.6,40,0,5,0,0,1,P40,
Tanner Gordon,COL,N,8,8,0,0,34.1,53,34,6,26,8.65,-1.8,8,0,4,0,1,1,P8,
A.J. Minter,ATL,N,39,0,0,1,34.1,24,10,11,35,2.62,1.3,39,2,9,0,0,1,P39,
Chris Roycroft,STL,N,27,0,0,0,34.1,31,19,17,33,4.19,0,27,1,7,1,1,0.889,P27,
Michel Otanez,OAK,A,36,0,0,1,34,27,15,20,55,3.44,0,36,0,0,0,0,.-648,P36,
Marco Gonzales,PIT,N,7,7,0,0,33.2,43,17,11,23,4.54,0,7,1,4,0,1,1,P7,
Adam Mazur,SD,N,8,8,0,0,33.2,40,28,21,22,7.49,-1.2,8,1,4,0,1,1,P8,
Jeffrey Springs,TB,A,7,7,0,0,33,34,12,11,37,3.27,0.3,7,2,0,0,0,1,P7,
Ryan Burr,TOR,A,34,4,0,0,32.2,29,16,12,47,4.13,0,34,2,1,1,0,0.75,P34,
Scott McGough,ARI,N,26,2,0,0,32.2,34,30,21,25,7.44,-1.3,26,1,3,0,1,1,P26,
Jake Diekman,NY,N,43,0,0,4,32,23,24,24,40,5.62,-1.1,43,4,3,2,0,0.778,P43,
Jose Ferrer,WAS,N,31,0,0,1,32,27,12,6,25,3.38,0.2,31,0,4,0,0,1,P31,
Joe Kelly,LA,N,35,0,0,0,32,31,19,16,35,4.78,-0.2,35,2,5,0,0,1,P35,
Julian Aguiar,CIN,N,7,7,0,0,31.2,30,22,12,19,6.25,-0.5,7,2,4,0,0,1,P7,
Angel Chivilli,COL,N,30,0,0,1,31.2,31,17,10,28,4.55,0.1,30,4,5,0,1,1,P30,
Kyle Tyler,MIA,N,8,7,0,0,31.2,37,19,18,25,5.4,-0.1,8,1,4,0,0,1,P8,
Josh Fleming,PIT,N,25,3,0,1,31.1,34,18,14,17,4.02,0.1,25,3,10,0,3,1,P25,
Michael Kelly,OAK,A,28,0,0,0,31.1,27,11,10,22,2.59,0.6,28,1,1,0,0,1,P28,
Jordan Leasure,CHI,A,33,0,0,2,31.1,32,22,18,26,6.32,-0.5,33,2,2,0,0,1,P33,
Rhett Lowder,CIN,N,6,6,0,0,30.2,25,4,14,22,1.17,1.3,6,1,1,1,0,0.667,P6,
Robbie Ray,SF,N,7,7,0,0,30.2,20,16,15,43,4.7,-0.3,7,0,2,0,0,1,P7,
Kris Bubic,KC,A,27,0,0,1,30.1,26,12,5,39,2.67,0.3,27,1,3,1,0,0.8,P27,
Davis Daniel,ANA,A,6,6,0,0,30.1,39,22,6,28,6.23,-1,6,3,0,1,0,0.75,P6,
Keegan Thompson,CHI,N,24,0,0,2,30.1,19,12,18,36,2.67,0.3,24,1,1,2,0,0.5,P24,
Yonny Chirinos,MIA,N,6,6,0,0,30,43,21,13,25,6.3,-0.3,6,4,2,0,0,1,P6,
Carlos Hernandez,KC,A,27,0,0,0,30,24,14,16,27,3.3,0.1,27,1,1,0,0,1,P27,
Clayton Kershaw,LA,N,7,7,0,0,30,36,19,9,24,4.5,-0.4,7,1,2,1,0,0.75,P7,
Tony Santillan,CIN,N,29,1,0,0,30,21,11,9,46,3,0.7,29,2,1,2,0,0.6,P29,
Daniel Coulombe,BAL,A,33,0,0,1,29.2,15,7,5,32,2.12,0.3,33,0,3,0,0,1,P33,
Brenan Hanifee,DET,A,21,3,0,0,29.1,27,7,6,23,1.84,0.5,21,3,5,1,0,0.889,P21,
George Soriano,MIA,N,22,0,0,1,29.1,27,23,13,29,6.75,-0.4,22,3,3,0,0,1,P22,
Drew Rasmussen,TB,A,16,4,0,1,28.2,25,10,6,35,2.83,0.3,16,2,2,1,1,0.8,P16,
Aaron Ashby,MIL,N,14,2,0,0,28.1,20,13,10,33,2.86,0.2,14,1,0,0,0,1,P14,
Yilber Diaz,ARI,N,7,4,0,0,28.1,27,13,12,19,3.81,0,7,0,1,1,0,0.5,P7,
Logan Allen,ARI,N,12,0,0,1,28,32,17,10,21,5.46,-0.2,12,2,4,0,0,1,P12,
Ryan Brasier,LA,N,29,4,0,0,28,22,12,5,25,3.54,0.1,29,4,4,0,0,1,P29,
Robert Gasser,MIL,N,5,5,0,0,28,28,9,1,16,2.57,0.3,5,3,2,1,0,0.833,P5,
Eduard Bazardo,SEA,A,23,0,0,0,27.2,20,15,9,33,4.88,-0.2,23,1,1,0,0,1,P23,
Matt Manning,DET,A,5,5,0,0,27.2,31,15,12,23,4.88,-0.1,5,1,2,0,1,1,P5,
Bryan Sammons,DET,A,6,0,0,0,27.1,16,11,9,18,3.62,0.1,6,0,1,0,0,1,P6,
Kolby Allard,PHI,N,7,4,0,0,27,34,15,8,23,5,-0.1,7,2,3,0,0,1,P7,
Grant Anderson,TEX,A,23,0,0,1,26.2,33,24,10,29,8.1,-0.6,23,0,2,0,0,1,P23,
Aaron Brooks,OAK,A,5,4,0,0,26.2,33,19,8,12,5.06,-0.3,5,4,2,0,0,1,P5,
Chris Devenski,TB,A,19,0,0,0,26.2,28,25,14,24,6.75,-1,19,2,1,0,0,1,P19,
Ethan Roberts,CHI,N,21,0,0,0,26.2,31,11,10,26,3.71,0.1,21,1,2,0,0,1,P21,
Gerson Garabito,TEX,A,18,2,0,0,26.1,23,15,12,22,4.78,-0.2,18,2,1,0,0,1,P18,
Jay Jackson,MIN,A,20,0,0,0,26.1,28,24,9,29,7.52,-1,20,2,2,0,0,1,P20,
Bryan King,HOU,A,28,0,0,0,26.1,20,7,10,32,2.39,0.3,28,3,2,0,0,1,P28,
Luke Little,CHI,N,30,1,0,0,26,15,11,18,28,3.46,0.2,30,1,7,0,1,1,P30,
Yunior Marte,PHI,N,23,0,0,0,26,34,22,15,23,6.92,-0.4,23,4,2,0,0,1,P23,
Dany Jimenez,OAK,A,25,0,0,1,25.2,21,18,19,25,4.91,-0.6,25,0,1,1,0,0.5,P25,
Hans Crouse,ANA,A,25,0,0,0,25.1,14,10,17,34,2.84,0.6,25,0,2,1,0,0.667,P25,
