Rk,Player,Age,Team,Lg,WAR,W,L,W-L%,ERA,G,GS,GF,CG,SHO,SV,IP,H,R,ER,HR,BB,IBB,SO,HBP,BK,WP,BF,ERA+,FIP,WHIP,H9,HR9,BB9,SO9,SO/BB,Awards,Player-additional
1,Garrett Crochet*,26,BOS,AL,1.3,3,2,.600,2.02,8,8,0,0,0,0,49.0,32,14,11,3,20,0,56,0,1,0,196,206,2.81,1.061,5.9,0.6,3.7,10.3,2.80,,crochga01
2,Logan Webb,28,SFG,NL,1.2,4,2,.667,2.61,8,8,0,0,0,0,48.1,45,15,14,1,13,0,56,0,0,1,195,147,1.83,1.200,8.4,0.2,2.4,10.4,4.31,,webblo01
3,MacKenzie Gore*,26,WSN,NL,1.5,2,3,.400,3.33,8,8,0,0,0,0,46.0,40,17,17,6,13,0,68,1,0,2,187,123,2.72,1.152,7.8,1.2,2.5,13.3,5.23,,gorema01
4,Freddy Peralta,29,MIL,NL,1.8,4,2,.667,2.18,8,8,0,0,0,0,45.1,32,11,11,5,15,0,48,1,0,1,181,189,3.45,1.037,6.4,1.0,3.0,9.5,3.20,,peralfr01
5,Max Fried*,31,NYY,AL,1.4,6,0,1.000,1.01,7,7,0,0,0,0,44.2,31,10,5,2,11,0,39,4,0,2,181,394,2.92,0.940,6.2,0.4,2.2,7.9,3.55,,friedma01
6,Shota Imanaga*,31,CHC,NL,1.1,3,2,.600,2.82,8,8,0,0,0,0,44.2,35,15,14,7,14,0,34,0,0,0,181,142,4.53,1.097,7.1,1.4,2.8,6.9,2.43,,imanash01
7,Seth Lugo,35,KCR,AL,1.1,3,3,.500,3.07,7,7,0,0,0,0,44.0,34,16,15,7,12,1,34,1,0,2,171,135,4.48,1.045,7.0,1.4,2.5,7.0,2.83,,lugose01
8,Zack Wheeler,35,PHI,NL,1.2,2,1,.667,3.48,7,7,0,0,0,0,44.0,35,17,17,7,9,0,57,2,0,0,174,120,3.30,1.000,7.2,1.4,1.8,11.7,6.33,,wheelza01
9,Luis Severino,31,ATH,AL,1.8,1,3,.250,3.30,7,7,0,0,0,0,43.2,38,17,16,4,13,1,33,1,0,0,182,123,3.71,1.168,7.8,0.8,2.7,6.8,2.54,,severlu01
10,Hunter Brown,26,HOU,AL,1.7,5,1,.833,1.67,7,7,0,0,0,0,43.0,28,9,8,1,10,0,49,0,0,0,158,235,1.79,0.884,5.9,0.2,2.1,10.3,4.90,,brownhu01
11,Nathan Eovaldi,35,TEX,AL,1.2,2,2,.500,2.11,7,7,0,1,1,0,42.2,30,12,10,3,3,0,46,4,0,2,163,181,2.32,0.773,6.3,0.6,0.6,9.7,15.33,,eovalna01
12,Hunter Greene,25,CIN,NL,1.6,4,2,.667,2.53,7,7,0,0,0,0,42.2,27,12,12,7,8,0,55,2,0,2,165,173,3.33,0.820,5.7,1.5,1.7,11.6,6.88,,greenhu01
13,Jake Irvin,28,WSN,NL,1.2,2,1,.667,4.01,7,7,0,0,0,0,42.2,37,19,19,8,11,0,33,1,0,0,173,102,4.81,1.125,7.8,1.7,2.3,7.0,3.00,,irvinja01
14,Paul Skenes,23,PIT,NL,1.0,3,3,.500,2.74,7,7,0,0,0,0,42.2,31,15,13,4,8,0,41,1,0,1,165,154,3.00,0.914,6.5,0.8,1.7,8.6,5.13,,skenepa01
15,Carlos Rodón*,32,NYY,AL,0.7,4,3,.571,3.43,7,7,0,0,0,0,42.0,22,18,16,6,19,0,52,0,0,1,164,116,3.81,0.976,4.7,1.3,4.1,11.1,2.74,,rodonca01
16,Jesús Luzardo*,27,PHI,NL,1.9,3,0,1.000,1.94,7,7,0,0,0,0,41.2,38,12,9,1,11,0,47,0,0,1,170,215,1.92,1.176,8.2,0.2,2.4,10.2,4.27,,luzarje01
17,Nick Lodolo*,27,CIN,NL,0.9,3,3,.500,3.27,7,7,0,0,0,0,41.1,36,17,15,5,7,0,31,6,1,1,174,134,4.09,1.040,7.8,1.1,1.5,6.8,4.43,,lodolni01
18,Mitchell Parker*,25,WSN,NL,1.1,3,2,.600,3.48,7,7,0,0,0,0,41.1,30,18,16,1,20,0,21,3,0,1,175,118,4.04,1.210,6.5,0.2,4.4,4.6,1.05,,parkemi01
19,Spencer Schwellenbach,25,ATL,NL,0.3,1,3,.250,3.92,7,7,0,0,0,0,41.1,39,20,18,5,7,1,37,2,0,1,171,107,3.51,1.113,8.5,1.1,1.5,8.1,5.29,,schwesp01
20,Kris Bubic*,27,KCR,AL,1.6,3,2,.600,1.98,7,7,0,0,0,0,41.0,33,11,9,2,13,1,40,2,0,0,169,209,2.85,1.122,7.2,0.4,2.9,8.8,3.08,,bubickr01
21,Zack Littell,29,TBR,AL,-0.1,2,5,.286,4.61,7,7,0,0,0,0,41.0,37,21,21,10,8,1,25,0,0,0,163,86,5.61,1.098,8.1,2.2,1.8,5.5,3.13,,litteza01
22,Aaron Nola,32,PHI,NL,0.8,1,5,.167,4.61,7,7,0,0,0,0,41.0,41,22,21,6,13,0,45,2,0,1,173,91,3.88,1.317,9.0,1.3,2.9,9.9,3.46,,nolaaa01
23,Framber Valdez*,31,HOU,AL,0.4,1,4,.200,4.39,7,7,0,1,0,0,41.0,37,20,20,4,15,0,37,2,0,2,171,90,3.78,1.268,8.1,0.9,3.3,8.1,2.47,,valdefr01
24,José Berríos,31,TOR,AL,0.8,1,1,.500,3.98,7,7,0,0,0,0,40.2,40,18,18,6,16,0,36,0,0,1,171,101,4.40,1.377,8.9,1.3,3.5,8.0,2.25,,berrijo01
25,Taj Bradley,24,TBR,AL,0.1,3,2,.600,4.43,7,7,0,0,0,0,40.2,36,20,20,5,18,0,30,1,0,0,169,90,4.60,1.328,8.0,1.1,4.0,6.6,1.67,,bradlta01
26,Tarik Skubal*,28,DET,AL,1.5,3,2,.600,2.21,7,7,0,0,0,0,40.2,35,10,10,4,5,0,48,1,0,0,160,178,2.43,0.984,7.7,0.9,1.1,10.6,9.60,,skubata01
27,Brandon Pfaadt,26,ARI,NL,0.5,5,2,.714,3.79,7,7,0,0,0,0,40.1,43,19,17,7,7,1,35,4,0,0,169,110,4.41,1.240,9.6,1.6,1.6,7.8,5.00,,pfaadbr01
28,Kevin Gausman,34,TOR,AL,0.6,2,3,.400,3.83,7,7,0,0,0,0,40.0,25,18,17,4,12,1,37,0,0,0,152,105,3.42,0.925,5.6,0.9,2.7,8.3,3.08,,gausmke01
29,Joe Ryan,29,MIN,AL,1.2,2,2,.500,2.93,7,7,0,0,0,0,40.0,31,13,13,6,5,0,47,5,1,0,158,141,3.42,0.900,7.0,1.4,1.1,10.6,9.40,,ryanjo04
30,JP Sears*,29,ATH,AL,1.8,4,2,.667,2.93,7,7,0,0,0,0,40.0,34,13,13,4,6,0,32,2,0,0,161,139,3.37,1.000,7.7,0.9,1.4,7.2,5.33,,searsjp01
31,José Soriano,26,LAA,AL,0.8,2,4,.333,3.83,7,7,0,0,0,0,40.0,41,18,17,3,16,0,31,0,0,0,168,109,3.70,1.425,9.2,0.7,3.6,7.0,1.94,,soriajo02
32,Yoshinobu Yamamoto,26,LAD,NL,1.5,4,2,.667,0.90,7,7,0,0,0,0,40.0,24,7,4,2,13,0,49,0,0,1,153,437,2.25,0.925,5.4,0.5,2.9,11.0,3.77,,yamamyo01
33,Chris Bassitt,36,TOR,AL,1.2,2,2,.500,2.95,7,7,0,0,0,0,39.2,40,13,13,4,7,0,43,2,1,2,167,136,2.90,1.185,9.1,0.9,1.6,9.8,6.14,,bassich01
34,Andrew Heaney*,34,PIT,NL,1.0,2,3,.400,3.18,7,7,0,0,0,0,39.2,31,14,14,4,13,0,34,2,0,0,162,133,3.80,1.109,7.0,0.9,2.9,7.7,2.62,,heanean01
35,Jameson Taillon,33,CHC,NL,0.5,2,1,.667,3.86,7,7,0,0,0,0,39.2,33,17,17,6,8,0,31,0,0,0,159,104,4.08,1.034,7.5,1.4,1.8,7.0,3.88,,taillja01
36,Sonny Gray,35,STL,NL,0.3,3,1,.750,4.12,7,7,0,0,0,0,39.1,37,20,18,6,10,0,39,2,0,1,161,103,3.99,1.195,8.5,1.4,2.3,8.9,3.90,,grayso01
37,Mitch Keller,29,PIT,NL,0.2,1,3,.250,4.38,7,7,0,0,0,0,39.0,41,21,19,3,12,0,29,4,0,1,173,96,3.82,1.359,9.5,0.7,2.8,6.7,2.42,,kellemi03
38,Max Meyer,26,MIA,NL,0.7,2,3,.400,3.92,7,7,0,0,0,0,39.0,40,18,17,7,13,0,47,1,1,0,167,114,4.07,1.359,9.2,1.6,3.0,10.8,3.62,,meyerma01
39,Tomoyuki Sugano,35,BAL,AL,1.0,3,2,.600,3.00,7,7,0,0,0,0,39.0,36,13,13,7,8,0,21,2,0,1,158,125,5.10,1.128,8.3,1.6,1.8,4.8,2.63,,suganto01
40,Michael King,30,SDP,NL,1.2,4,1,.800,2.09,7,7,0,1,1,0,38.2,27,10,9,3,12,0,46,2,0,2,156,198,2.79,1.009,6.3,0.7,2.8,10.7,3.83,,kingmi01
41,Nick Martinez,34,CIN,NL,0.6,1,3,.250,4.19,7,7,0,0,0,0,38.2,37,19,18,4,11,0,32,0,0,3,159,105,3.62,1.241,8.6,0.9,2.6,7.4,2.91,,martini01
42,Bailey Ober,29,MIN,AL,0.8,4,1,.800,3.72,7,7,0,0,0,0,38.2,44,16,16,5,8,0,31,1,0,1,166,111,3.85,1.345,10.2,1.2,1.9,7.2,3.88,,oberba01
43,Reese Olson,25,DET,AL,0.8,4,2,.667,3.03,7,7,0,0,0,0,38.2,30,13,13,1,17,1,40,3,0,2,161,130,2.89,1.216,7.0,0.2,4.0,9.3,2.35,,olsonre01
44,Luis Castillo,32,SEA,AL,0.7,3,2,.600,3.29,7,7,0,0,0,0,38.1,35,14,14,3,16,0,30,1,0,0,165,110,3.85,1.330,8.2,0.7,3.8,7.0,1.88,,castilu02
45,Zac Gallen,29,ARI,NL,0.4,2,4,.333,4.93,7,7,0,0,0,0,38.1,32,21,21,6,18,0,43,1,0,1,166,85,4.35,1.304,7.5,1.4,4.2,10.1,2.39,,galleza01
46,Michael Lorenzen,33,KCR,AL,0.2,3,3,.500,4.23,7,7,0,0,0,0,38.1,40,19,18,8,14,0,33,0,0,5,168,98,5.16,1.409,9.4,1.9,3.3,7.7,2.36,,lorenmi01
47,Davis Martin,28,CHW,AL,0.3,1,3,.250,3.52,7,6,0,0,0,0,38.1,41,19,15,5,11,0,26,3,0,1,163,114,4.51,1.357,9.6,1.2,2.6,6.1,2.36,,martida03
48,Ryan Pepiot,27,TBR,AL,0.0,2,4,.333,4.23,7,7,0,0,0,0,38.1,40,19,18,8,14,0,35,1,0,2,167,94,5.13,1.409,9.4,1.9,3.3,8.2,2.50,,pepiory01
49,Robbie Ray*,33,SFG,NL,0.9,4,0,1.000,3.05,7,7,0,0,0,0,38.1,27,13,13,5,21,0,41,0,0,1,158,126,4.27,1.252,6.3,1.2,4.9,9.6,1.95,,rayro02
50,Michael Wacha,33,KCR,AL,0.9,1,4,.200,3.52,7,7,0,0,0,0,38.1,35,15,15,2,13,0,29,0,0,0,160,117,3.25,1.252,8.2,0.5,3.1,6.8,2.23,,wachami01
51,Bryan Woo,25,SEA,AL,1.2,4,1,.800,2.58,6,6,0,0,0,0,38.1,25,11,11,3,7,0,38,1,0,0,147,140,2.73,0.835,5.9,0.7,1.6,8.9,5.43,,woobr01
52,Tanner Bibee,26,CLE,AL,0.3,3,2,.600,4.26,7,7,0,0,0,0,38.0,34,19,18,9,16,0,28,2,0,0,159,93,6.10,1.316,8.1,2.1,3.8,6.6,1.75,,bibeeta01
53,Jonathan Cannon,24,CHW,AL,0.4,2,3,.400,4.26,7,6,0,0,0,0,38.0,38,18,18,5,17,0,32,2,1,2,169,94,4.60,1.447,9.0,1.2,4.0,7.6,1.88,,cannojo02
54,Jacob deGrom,37,TEX,AL,1.0,2,1,.667,2.61,7,7,0,0,0,0,38.0,29,11,11,5,9,0,36,1,0,1,149,147,3.68,1.000,6.9,1.2,2.1,8.5,4.00,,degroja01
55,Jack Flaherty,29,DET,AL,0.4,1,4,.200,3.79,7,7,0,0,0,0,38.0,33,17,16,5,12,0,46,1,0,0,158,104,3.39,1.184,7.8,1.2,2.8,10.9,3.83,,flaheja01
56,Eduardo Rodríguez*,32,ARI,NL,-0.5,1,3,.250,5.92,7,7,0,0,0,0,38.0,44,29,25,7,12,0,45,0,0,2,170,71,4.05,1.474,10.4,1.7,2.8,10.7,3.75,,rodried05
57,Erick Fedde,32,STL,NL,0.2,2,3,.400,4.78,7,7,0,0,0,0,37.2,34,20,20,3,21,0,21,1,0,1,162,88,4.74,1.460,8.1,0.7,5.0,5.0,1.00,,feddeer01
58,Merrill Kelly,36,ARI,NL,0.6,3,1,.750,4.06,7,7,0,0,0,0,37.2,28,18,17,5,12,0,27,1,0,0,153,103,4.40,1.062,6.7,1.2,2.9,6.5,2.25,,kellyme01
59,Dean Kremer,29,BAL,AL,-0.3,3,4,.429,5.73,7,7,0,0,0,0,37.2,43,26,24,7,9,0,22,1,0,4,165,65,5.12,1.381,10.3,1.7,2.2,5.3,2.44,,kremede01
60,Tyler Mahle,30,TEX,AL,1.6,3,1,.750,1.19,7,7,0,0,0,0,37.2,23,5,5,0,14,0,32,0,0,0,146,320,2.49,0.982,5.5,0.0,3.3,7.6,2.29,,mahlety01
61,Bailey Falter*,28,PIT,NL,-0.3,1,3,.250,5.06,7,7,0,0,0,0,37.1,34,25,21,6,11,0,28,1,0,2,151,83,4.63,1.205,8.2,1.4,2.7,6.8,2.55,,falteba01
62,Jordan Hicks,28,SFG,NL,-0.4,1,3,.250,6.03,7,7,0,0,0,0,37.1,39,26,25,2,15,0,34,3,0,2,165,64,3.39,1.446,9.4,0.5,3.6,8.2,2.27,,hicksjo03
63,Jack Kochanowicz,24,LAA,AL,0.0,1,5,.167,5.79,7,7,0,0,0,0,37.1,42,25,24,7,14,2,20,3,0,1,163,72,5.80,1.500,10.1,1.7,3.4,4.8,1.43,,kochaja01
64,Justin Verlander,42,SFG,NL,-0.1,0,2,.000,4.38,7,7,0,0,0,0,37.0,35,20,18,5,13,0,32,0,0,0,157,88,4.15,1.297,8.5,1.2,3.2,7.8,2.46,,verlaju01
65,Clay Holmes,32,NYM,NL,0.6,4,1,.800,2.95,7,7,0,0,0,0,36.2,34,14,12,0,13,0,39,2,0,2,156,132,2.17,1.282,8.3,0.0,3.2,9.6,3.00,,holmecl01
66,Tanner Houck,29,BOS,AL,-0.8,0,2,.000,6.38,7,7,0,0,0,0,36.2,42,27,26,7,12,0,30,3,0,1,159,65,5.14,1.473,10.3,1.7,2.9,7.4,2.50,,houckta01
67,Casey Mize,28,DET,AL,1.0,5,1,.833,2.70,6,6,0,0,0,0,36.2,31,11,11,6,9,0,27,0,0,1,146,146,4.46,1.091,7.6,1.5,2.2,6.6,3.00,,mizeca01
68,Osvaldo Bido,29,ATH,AL,0.5,2,2,.500,4.71,7,7,0,0,0,0,36.1,39,20,19,7,14,0,21,2,0,0,160,86,5.74,1.459,9.7,1.7,3.5,5.2,1.50,,bidoos01
69,Kyle Freeland*,32,COL,NL,-0.1,0,4,.000,5.70,7,7,0,0,0,0,36.1,47,25,23,3,6,0,28,1,0,0,161,81,3.18,1.459,11.6,0.7,1.5,6.9,4.67,,freelky01
70,Yusei Kikuchi*,34,LAA,AL,0.7,0,4,.000,4.21,7,7,0,0,0,0,36.1,37,18,17,6,19,0,33,1,0,1,162,99,5.05,1.541,9.2,1.5,4.7,8.2,1.74,,kikucyu01
71,Ben Lively,33,CLE,AL,0.4,1,2,.333,3.72,7,7,0,0,0,0,36.1,35,15,15,5,11,0,25,0,0,0,148,107,4.39,1.266,8.7,1.2,2.7,6.2,2.27,,livelbe01
72,Tylor Megill,29,NYM,NL,0.5,3,2,.600,2.50,7,7,0,0,0,0,36.0,27,14,10,2,15,0,45,3,0,1,154,156,2.79,1.167,6.8,0.5,3.8,11.3,3.00,,megilty01
73,Andre Pallante,26,STL,NL,0.3,2,2,.500,4.75,7,7,0,0,0,0,36.0,39,19,19,6,16,0,21,0,0,2,158,89,5.41,1.528,9.8,1.5,4.0,5.3,1.31,,pallaan01
74,Nick Pivetta,32,SDP,NL,1.5,5,1,.833,1.78,6,6,0,0,0,0,35.1,21,7,7,2,8,0,39,0,0,0,133,233,2.28,0.821,5.3,0.5,2.0,9.9,4.88,,pivetni01
75,Chris Sale*,36,ATL,NL,0.0,1,3,.250,4.84,7,7,0,0,0,0,35.1,41,20,19,5,9,0,46,3,0,2,157,87,3.33,1.415,10.4,1.3,2.3,11.7,5.11,,salech01
76,Trevor Williams,33,WSN,NL,0.1,2,3,.400,5.86,7,7,0,0,0,0,35.1,46,23,23,5,11,0,30,0,0,1,160,70,4.15,1.613,11.7,1.3,2.8,7.6,2.73,,willitr01
77,Shane Baz,26,TBR,AL,0.2,3,1,.750,3.86,6,6,0,0,0,0,35.0,29,15,15,4,12,0,37,2,0,0,142,103,3.64,1.171,7.5,1.0,3.1,9.5,3.08,,bazsh01
78,Bowden Francis,29,TOR,AL,-0.3,2,5,.286,5.66,7,7,0,0,0,0,35.0,38,24,22,11,10,0,25,2,0,3,149,71,6.76,1.371,9.8,2.8,2.6,6.4,2.50,,francbo01
79,Antonio Senzatela,30,COL,NL,0.0,1,5,.167,5.50,7,7,0,0,0,0,34.1,57,23,21,8,7,0,17,1,0,1,160,84,5.81,1.864,14.9,2.1,1.8,4.5,2.43,,senzaan01
80,Jeffrey Springs*,32,ATH,AL,-0.2,4,3,.571,4.98,7,7,0,0,0,0,34.1,32,25,19,5,17,0,28,0,1,0,153,82,4.82,1.427,8.4,1.3,4.5,7.3,1.65,,sprinje01
81,Grant Holmes,29,ATL,NL,0.4,2,2,.500,4.24,7,6,1,0,0,0,34.0,22,16,16,6,19,0,35,1,0,2,140,99,5.07,1.206,5.8,1.6,5.0,9.3,1.84,,holmegr01
82,Matthew Liberatore*,25,STL,NL,0.6,2,3,.400,3.44,6,6,0,0,0,0,34.0,30,14,13,2,3,0,30,0,0,0,133,123,2.34,0.971,7.9,0.5,0.8,7.9,10.00,,liberma01
83,Tyler Anderson*,35,LAA,AL,1.5,2,0,1.000,2.67,6,6,0,0,0,0,33.2,21,11,10,6,14,1,27,1,1,2,137,156,5.12,1.040,5.6,1.6,3.7,7.2,1.93,,anderty01
84,Walker Buehler,30,BOS,AL,0.0,4,1,.800,4.28,6,6,0,0,0,0,33.2,32,16,16,5,9,0,29,2,0,0,140,98,4.26,1.218,8.6,1.3,2.4,7.8,3.22,,buehlwa01
85,Dylan Cease,29,SDP,NL,-0.4,1,2,.333,5.61,7,7,0,0,0,0,33.2,39,23,21,3,15,1,39,1,0,0,154,74,3.34,1.604,10.4,0.8,4.0,10.4,2.60,,ceasedy01
86,Matthew Boyd*,34,CHC,NL,0.7,2,2,.500,2.70,6,6,0,0,0,0,33.1,35,13,10,3,13,0,30,2,0,0,145,149,3.79,1.440,9.5,0.8,3.5,8.1,2.31,,boydma01
87,Brady Singer,28,CIN,NL,0.5,4,1,.800,3.24,6,6,0,0,0,0,33.1,24,15,12,4,12,0,36,1,0,0,135,136,3.64,1.080,6.5,1.1,3.2,9.7,3.00,,singebr01
88,Sean Burke,25,CHW,AL,-0.3,2,4,.333,4.91,7,6,0,0,0,0,33.0,31,22,18,7,14,0,25,3,0,1,147,82,5.86,1.364,8.5,1.9,3.8,6.8,1.79,,burkese01
89,Dustin May,27,LAD,NL,-0.4,1,2,.333,4.36,6,6,0,0,0,0,33.0,27,19,16,3,14,0,28,1,0,1,139,90,3.92,1.242,7.4,0.8,3.8,7.6,2.00,,maydu01
90,Corbin Burnes,30,ARI,NL,0.3,1,1,.500,3.58,6,6,0,0,0,0,32.2,28,17,13,5,17,0,28,2,1,1,140,117,5.09,1.378,7.7,1.4,4.7,7.7,1.65,,burneco01
91,Kodai Senga,32,NYM,NL,1.1,3,2,.600,1.38,6,6,0,0,0,0,32.2,26,7,5,1,12,0,31,1,0,1,130,283,2.77,1.163,7.2,0.3,3.3,8.5,2.58,,sengako01
92,Chris Paddack,29,MIN,AL,-0.4,0,3,.000,5.57,7,7,0,0,0,0,32.1,32,22,20,6,16,0,24,0,0,1,145,74,5.48,1.485,8.9,1.7,4.5,6.7,1.50,,paddach01
93,David Peterson*,29,NYM,NL,0.6,2,1,.667,3.06,6,6,0,0,0,0,32.1,35,11,11,2,9,0,30,1,0,1,139,127,2.95,1.361,9.7,0.6,2.5,8.4,3.33,,peterda01
94,Shane Smith,25,CHW,AL,1.0,1,1,.500,2.23,6,6,0,0,0,0,32.1,23,10,8,1,12,0,26,5,0,0,133,181,3.44,1.082,6.4,0.3,3.3,7.2,2.17,,smithsh02
95,Randy Vásquez,26,SDP,NL,0.3,1,3,.250,3.90,7,7,0,0,0,0,32.1,30,15,14,1,24,0,13,2,1,1,148,107,5.08,1.670,8.4,0.3,6.7,3.6,0.54,,vasqura02
96,Carlos Carrasco,38,NYY,AL,-0.4,2,2,.500,5.91,8,6,2,0,0,0,32.0,39,21,21,7,10,0,25,0,0,0,142,67,5.29,1.531,11.0,2.0,2.8,7.0,2.50,,carraca01
97,Bryce Elder,26,ATL,NL,-0.1,2,1,.667,5.06,6,6,0,0,0,0,32.0,32,18,18,6,12,0,22,0,0,1,138,83,5.26,1.375,9.0,1.7,3.4,6.2,1.83,,elderbr01
98,Luis Ortiz,26,CLE,AL,0.1,2,3,.400,4.78,6,6,0,0,0,0,32.0,29,17,17,4,16,0,36,0,0,0,140,83,3.95,1.406,8.2,1.1,4.5,10.1,2.25,,ortizlu03
99,Gavin Williams,25,CLE,AL,-0.2,2,2,.500,5.06,7,7,0,0,0,0,32.0,37,20,18,6,19,0,37,0,0,4,146,79,4.98,1.750,10.4,1.7,5.3,10.4,1.95,,williga01
100,Logan Allen*,26,CLE,AL,0.1,1,2,.333,4.02,6,6,0,0,0,0,31.1,33,16,14,3,15,0,22,0,0,2,139,99,4.35,1.532,9.5,0.9,4.3,6.3,1.47,,allenlo02
101,Ben Brown,25,CHC,NL,-0.1,3,2,.600,4.88,7,6,0,0,0,0,31.1,38,18,17,3,14,0,35,3,0,0,147,82,3.71,1.660,10.9,0.9,4.0,10.1,2.50,,brownbe02
102,Chad Patrick,26,MIL,NL,0.8,1,3,.250,2.87,7,6,0,0,0,0,31.1,29,10,10,3,11,1,26,0,0,0,128,145,3.71,1.277,8.3,0.9,3.2,7.5,2.36,,patrich01
103,Cristopher Sánchez*,28,PHI,NL,1.0,3,1,.750,3.45,6,6,0,0,0,0,31.1,31,13,12,4,11,0,39,3,0,2,135,122,3.58,1.340,8.9,1.1,3.2,11.2,3.55,,sanchcr01
104,Griffin Canning,29,NYM,NL,0.8,4,1,.800,2.61,6,6,0,0,0,0,31.0,29,9,9,2,14,0,31,0,0,1,132,149,3.27,1.387,8.4,0.6,4.1,9.0,2.21,,cannigr01
105,Kyle Hendricks,35,LAA,AL,0.4,1,3,.250,5.28,6,6,0,0,0,0,30.2,24,18,18,5,12,0,16,2,0,0,124,79,5.52,1.174,7.0,1.5,3.5,4.7,1.33,,hendrky01
106,Bryce Miller,26,SEA,AL,0.4,2,3,.400,3.52,6,6,0,0,0,0,30.2,25,12,12,1,19,0,31,0,0,1,129,103,3.33,1.435,7.3,0.3,5.6,9.1,1.63,,millebr04
107,Cole Ragans*,27,KCR,AL,0.1,1,1,.500,4.40,6,6,0,0,0,0,30.2,27,16,15,4,9,0,46,1,0,2,128,94,2.75,1.174,7.9,1.2,2.6,13.5,5.11,,raganco01
108,Drew Rasmussen,29,TBR,AL,0.8,1,2,.333,2.64,6,6,0,0,0,0,30.2,23,9,9,2,7,0,30,1,0,0,118,151,2.75,0.978,6.8,0.6,2.1,8.8,4.29,,rasmudr01
109,Ryan Feltner,28,COL,NL,0.3,0,2,.000,4.75,6,6,0,0,0,0,30.1,33,17,16,4,12,0,25,0,0,0,135,98,4.32,1.484,9.8,1.2,3.6,7.4,2.08,,feltnry01
110,Logan Gilbert,28,SEA,AL,0.8,1,1,.500,2.37,6,6,0,0,0,0,30.1,18,8,8,3,6,0,44,1,0,2,117,153,2.15,0.791,5.3,0.9,1.8,13.1,7.33,,gilbelo01
111,Roki Sasaki,23,LAD,NL,0.2,1,1,.500,3.86,7,7,0,0,0,0,30.1,24,13,13,4,20,0,24,2,0,2,134,102,5.38,1.451,7.1,1.2,5.9,7.1,1.20,,sasakro01
112,Germán Márquez,30,COL,NL,-1.3,0,6,.000,9.90,7,7,0,0,0,0,30.0,47,35,33,4,12,0,18,2,0,2,146,47,5.01,1.967,14.1,1.2,3.6,5.4,1.50,,marquge01
113,Landen Roupp,26,SFG,NL,-0.2,2,2,.500,5.10,6,6,0,0,0,0,30.0,35,19,17,4,14,0,35,0,0,3,135,76,3.87,1.633,10.5,1.2,4.2,10.5,2.50,,rouppla01
114,Cade Povich*,25,BAL,AL,-0.3,1,2,.333,5.16,6,6,0,0,0,0,29.2,37,20,17,6,12,1,25,0,0,3,134,73,5.23,1.652,11.2,1.8,3.6,7.6,2.08,,povicca01
115,Miles Mikolas,36,STL,NL,0.0,1,2,.333,4.66,6,6,0,0,0,0,29.0,30,16,15,0,9,0,17,1,0,0,127,91,2.93,1.345,9.3,0.0,2.8,5.3,1.89,,mikolmi01
116,Simeon Woods Richardson,24,MIN,AL,0.3,2,2,.500,4.03,6,5,0,0,0,0,29.0,31,13,13,5,11,0,30,2,0,0,127,103,4.59,1.448,9.6,1.6,3.4,9.3,2.73,,woodssi01
117,Jose Quintana*,36,MIL,NL,1.1,4,1,.800,2.83,5,5,0,0,0,0,28.2,26,9,9,4,9,0,21,0,1,1,116,147,4.36,1.221,8.2,1.3,2.8,6.6,2.33,,quintjo01
118,Will Warren,26,NYY,AL,-0.4,1,2,.333,5.65,7,7,0,0,0,0,28.2,29,20,18,4,15,0,34,0,0,0,131,71,4.08,1.535,9.1,1.3,4.7,10.7,2.27,,warrewi01
119,Ronel Blanco,31,HOU,AL,-0.1,2,2,.500,5.08,6,6,0,0,0,0,28.1,23,16,16,5,14,0,26,0,0,0,120,78,5.01,1.306,7.3,1.6,4.4,8.3,1.86,,blancro01
120,Taijuan Walker,32,PHI,NL,0.6,1,3,.250,2.54,6,6,0,0,0,0,28.1,25,13,8,2,13,0,22,2,0,0,125,165,4.02,1.341,7.9,0.6,4.1,7.0,1.69,,walketa01
121,Pablo López,29,MIN,AL,0.5,2,2,.500,2.25,5,5,0,0,0,0,28.0,24,10,7,2,4,0,26,0,1,0,112,184,2.57,1.000,7.7,0.6,1.3,8.4,6.50,,lopezpa01
122,Hayden Wesneski,27,HOU,AL,0.4,1,2,.333,3.86,5,5,0,0,0,0,28.0,24,12,12,6,4,0,26,1,0,0,112,102,4.54,1.000,7.7,1.9,1.3,8.4,6.50,,wesneha01
123,Ryan Gusto,26,HOU,AL,0.3,3,1,.750,2.93,9,4,0,0,0,0,27.2,27,12,9,3,8,0,29,1,0,0,117,135,3.36,1.265,8.8,1.0,2.6,9.4,3.63,,gustory01
124,Charlie Morton,41,BAL,AL,-1.2,0,6,.000,9.76,8,5,0,0,0,0,27.2,40,31,30,7,21,0,26,1,0,0,144,38,6.87,2.205,13.0,2.3,6.8,8.5,1.24,,mortoch02
125,Cal Quantrill,30,MIA,NL,-0.6,2,3,.400,8.10,6,6,0,0,0,0,26.2,38,24,24,5,10,0,16,1,0,1,122,55,5.55,1.800,12.8,1.7,3.4,5.4,1.60,,quantca01
126,Sandy Alcantara,29,MIA,NL,-0.6,2,3,.400,8.31,6,6,0,0,0,0,26.0,26,24,24,4,17,0,19,0,0,4,120,54,5.57,1.654,9.0,1.4,5.9,6.6,1.12,,alcansa01
127,Connor Gillispie,27,MIA,NL,-0.7,0,3,.000,8.65,6,6,0,0,0,0,26.0,32,26,25,6,11,0,23,1,0,1,123,52,5.69,1.654,11.1,2.1,3.8,8.0,2.09,,gillico01
128,Carmen Mlodzinski,26,PIT,NL,-0.5,1,3,.250,6.58,6,6,0,0,0,0,26.0,37,19,19,2,10,0,22,0,0,0,122,65,3.53,1.808,12.8,0.7,3.5,7.6,2.20,,mlodzca01
129,Chase Dollander,23,COL,NL,-0.4,2,3,.400,6.48,5,5,0,0,0,0,25.0,28,21,18,8,10,0,25,0,0,1,112,72,6.43,1.520,10.1,2.9,3.6,9.0,2.50,,dollach01
130,Patrick Corbin*,35,TEX,AL,0.3,2,1,.667,3.28,5,5,0,0,0,0,24.2,29,9,9,4,8,0,17,0,0,2,107,117,4.77,1.500,10.6,1.5,2.9,6.2,2.13,,corbipa01
131,Colin Rea,34,CHC,NL,0.9,2,0,1.000,1.46,7,4,3,0,0,1,24.2,21,4,4,1,5,0,21,0,0,0,99,277,2.50,1.054,7.7,0.4,1.8,7.7,4.20,,reaco01
132,Tyler Alexander*,30,MIL,NL,-0.5,1,3,.250,5.18,10,4,2,0,0,1,24.1,23,18,14,1,11,0,21,1,0,0,109,80,3.36,1.397,8.5,0.4,4.1,7.8,1.91,,alexaty01
133,Edward Cabrera,27,MIA,NL,-0.1,0,1,.000,6.29,5,5,0,0,0,0,24.1,29,17,17,4,12,0,24,1,0,1,113,72,4.84,1.685,10.7,1.5,4.4,8.9,2.00,,cabreed02
134,Jackson Jobe,22,DET,AL,0.2,2,0,1.000,3.38,5,5,0,0,0,0,24.0,18,10,9,3,14,0,18,0,0,1,102,117,4.95,1.333,6.8,1.1,5.3,6.8,1.29,,jobeja01
135,Steven Matz*,34,STL,NL,0.9,2,0,1.000,1.50,9,2,1,0,0,1,24.0,20,5,4,0,3,0,20,1,0,1,96,283,1.91,0.958,7.5,0.0,1.1,7.5,6.67,,matzst01
136,Sean Newcomb*,32,BOS,AL,-0.2,0,3,.000,4.24,6,5,0,0,0,0,23.1,33,15,11,1,11,0,30,1,0,0,109,99,2.60,1.886,12.7,0.4,4.2,11.6,2.73,,newcose01
137,Quinn Priester,24,MIL,NL,-0.1,1,0,1.000,5.79,5,4,0,0,0,0,23.1,25,15,15,3,16,0,17,0,0,1,108,72,5.34,1.757,9.6,1.2,6.2,6.6,1.06,,priesqu01
138,Justin Steele*,29,CHC,NL,0.1,3,1,.750,4.76,4,4,0,0,0,0,22.2,21,12,12,5,5,0,21,1,0,0,92,85,4.88,1.147,8.3,2.0,2.0,8.3,4.20,,steelju01
139,Bryse Wilson,27,CHW,AL,-0.1,0,1,.000,5.56,12,2,4,0,0,0,22.2,32,14,14,5,11,0,15,1,0,0,106,73,6.20,1.897,12.7,2.0,4.4,6.0,1.36,,wilsobr02
140,Brad Lord,25,WSN,NL,0.4,1,3,.250,4.43,8,5,1,0,0,0,22.1,27,12,11,1,10,0,17,1,0,0,99,93,3.61,1.657,10.9,0.4,4.0,6.9,1.70,,lordbr02
141,Ben Casparius,26,LAD,NL,0.2,3,0,1.000,2.91,11,1,0,0,0,0,21.2,17,7,7,1,3,0,23,0,0,0,85,136,1.96,0.923,7.1,0.4,1.2,9.6,7.67,,caspabe01
142,Mitch Spence,27,ATH,AL,-0.1,1,0,1.000,3.74,12,0,2,0,0,1,21.2,24,15,9,1,8,0,20,1,0,1,98,109,3.07,1.477,10.0,0.4,3.3,8.3,2.50,,spencmi01
143,Max Kranick,27,NYM,NL,0.3,2,1,.667,2.95,14,0,5,0,0,0,21.1,15,7,7,2,1,0,14,0,0,0,79,133,3.12,0.750,6.3,0.8,0.4,5.9,14.00,,kranima01
144,Kyle Hart*,32,SDP,NL,-0.3,2,2,.500,6.00,5,5,0,0,0,0,21.0,23,14,14,6,6,0,16,0,0,0,90,70,6.12,1.381,9.9,2.6,2.6,6.9,2.67,,hartky01
145,Jake Bird,29,COL,NL,0.7,0,1,.000,2.21,14,0,2,0,0,0,20.1,15,5,5,1,13,0,29,1,0,2,88,211,2.92,1.377,6.6,0.4,5.8,12.8,2.23,,birdja01
146,Angel Chivilli,22,COL,NL,0.2,1,2,.333,4.43,14,0,1,0,0,0,20.1,19,11,10,2,9,1,13,1,0,3,86,106,4.55,1.377,8.4,0.9,4.0,5.8,1.44,,chivian01
147,Kyle Leahy,28,STL,NL,0.9,0,0,,1.33,16,0,1,0,0,0,20.1,5,3,3,2,6,0,17,1,0,0,70,321,3.71,0.541,2.2,0.9,2.7,7.5,2.83,,leahyky01
148,Martín Pérez*,34,CHW,AL,0.5,1,1,.500,3.15,4,4,0,0,0,0,20.0,14,7,7,1,11,0,18,1,0,0,83,129,3.72,1.250,6.3,0.5,5.0,8.1,1.64,,perezma02
149,Kumar Rocker,25,TEX,AL,-0.9,1,3,.250,8.10,5,5,0,0,0,0,20.0,30,19,18,3,5,0,16,1,0,3,95,48,4.32,1.750,13.5,1.4,2.3,7.2,3.20,,rockeku01
150,Huascar Brazobán,35,NYM,NL,0.8,1,0,1.000,1.37,15,2,2,0,0,1,19.2,12,3,3,2,6,0,20,3,0,0,77,286,3.73,0.915,5.5,0.9,2.7,9.2,3.33,,brazohu01
151,Mike Vasil,25,CHW,AL,0.7,1,1,.500,0.92,10,0,5,0,0,0,19.2,9,3,2,1,12,2,13,3,0,0,81,443,4.70,1.068,4.1,0.5,5.5,5.9,1.08,,vasilmi01
152,Garrett Whitlock,29,BOS,AL,0.2,1,0,1.000,3.66,12,0,2,0,0,0,19.2,17,8,8,1,6,0,22,1,0,0,82,115,2.56,1.169,7.8,0.5,2.7,10.1,3.67,,whitlga01
153,Ryan Yarbrough*,33,NYY,AL,0.1,0,0,,3.72,9,1,3,0,0,0,19.1,15,8,8,3,9,0,18,1,0,0,81,108,4.78,1.241,7.0,1.4,4.2,8.4,2.00,,yarbrry01
154,Andrew Abbott*,26,CIN,NL,0.5,2,0,1.000,2.84,4,4,0,0,0,0,19.0,12,7,6,3,12,0,23,0,0,3,79,156,4.60,1.263,5.7,1.4,5.7,10.9,1.92,,abbotan01
155,Jason Adam,33,SDP,NL,0.8,3,0,1.000,0.95,18,0,2,0,0,0,19.0,10,3,2,1,8,0,25,1,0,1,76,442,2.55,0.947,4.7,0.5,3.8,11.8,3.13,,adamja01
156,Grant Anderson,28,MIL,NL,0.2,1,1,.500,2.84,15,0,6,0,0,0,19.0,16,8,6,1,9,1,20,0,0,0,82,147,3.07,1.316,7.6,0.5,4.3,9.5,2.22,,andergr01
157,José Buttó,27,NYM,NL,0.3,2,0,1.000,3.32,12,0,2,0,0,0,19.0,17,7,7,1,9,0,19,0,0,0,80,119,3.18,1.368,8.1,0.5,4.3,9.0,2.11,,buttojo01
158,AJ Smith-Shawver,22,ATL,NL,0.0,1,2,.333,4.26,4,4,0,0,0,0,19.0,23,9,9,3,9,0,22,0,0,2,86,99,4.23,1.684,10.9,1.4,4.3,10.4,2.44,,smithaj01
159,Jalen Beeks*,31,ARI,NL,0.7,1,0,1.000,1.93,16,0,3,0,0,1,18.2,13,5,4,1,6,1,17,0,0,0,74,219,2.91,1.018,6.3,0.5,2.9,8.2,2.83,,beeksja02
160,Fernando Cruz,35,NYY,AL,0.4,0,0,,1.45,15,0,3,0,0,2,18.2,9,5,3,1,6,0,28,0,0,1,70,278,1.73,0.804,4.3,0.5,2.9,13.5,4.67,,cruzfe01
161,Jose A. Ferrer*,25,WSN,NL,-0.4,0,2,.000,5.79,18,0,1,0,0,0,18.2,23,14,12,1,6,0,20,3,0,2,86,72,3.07,1.554,11.1,0.5,2.9,9.6,3.33,,ferrejo01
162,Tyler Phillips,27,MIA,NL,0.3,0,0,,3.93,11,0,3,0,0,0,18.1,16,8,8,3,8,0,10,0,0,2,77,115,5.42,1.309,7.9,1.5,3.9,4.9,1.25,,phillty01
163,Joe Ross,32,PHI,NL,0.3,1,1,.500,3.93,13,0,3,0,0,0,18.1,19,9,8,2,3,0,14,2,0,0,79,108,3.78,1.200,9.3,1.0,1.5,6.9,4.67,,rossjo01
164,Lake Bachar,30,MIA,NL,0.8,2,0,1.000,2.00,14,0,3,0,0,0,18.0,7,5,4,1,10,2,20,1,0,0,69,226,3.41,0.944,3.5,0.5,5.0,10.0,2.00,,bachala01
165,Hayden Birdsong,23,SFG,NL,0.7,1,0,1.000,1.00,8,0,2,0,0,0,18.0,12,2,2,1,6,0,19,1,0,0,70,390,2.85,1.000,6.0,0.5,3.0,9.5,3.17,,birdsha01
166,Zach Eflin,31,BAL,AL,0.6,2,1,.667,3.00,3,3,0,0,0,0,18.0,14,6,6,2,1,0,8,1,0,0,68,126,3.96,0.833,7.0,1.0,0.5,4.0,8.00,,eflinza01
167,Tyler Glasnow,31,LAD,NL,0.0,1,0,1.000,4.50,5,5,0,0,0,0,18.0,12,9,9,4,11,0,23,1,0,3,77,88,5.41,1.278,6.0,2.0,5.5,11.5,2.09,,glasnty01
168,Brant Hurter*,26,DET,AL,0.4,1,0,1.000,2.50,9,0,3,0,0,2,18.0,11,5,5,2,4,1,13,1,0,0,67,159,3.91,0.833,5.5,1.0,2.0,6.5,3.25,,hurtebr01
169,Eduard Bazardo,29,SEA,AL,-0.1,0,0,,5.09,15,0,5,0,0,0,17.2,14,10,10,2,8,0,13,0,0,0,74,72,4.43,1.245,7.1,1.0,4.1,6.6,1.63,,bazared01
170,Brayan Bello,26,BOS,AL,0.6,2,0,1.000,2.55,3,3,0,0,0,0,17.2,14,5,5,3,7,0,12,2,0,0,73,166,5.45,1.189,7.1,1.5,3.6,6.1,1.71,,bellobr01
171,Jack Dreyer*,26,LAD,NL,0.0,2,1,.667,3.57,14,1,2,0,0,0,17.2,10,7,7,0,10,0,22,0,0,0,73,112,2.28,1.132,5.1,0.0,5.1,11.2,2.20,,dreyeja01
172,Emerson Hancock,26,SEA,AL,-0.4,1,1,.500,6.62,4,4,0,0,0,0,17.2,26,13,13,3,5,0,15,0,0,0,80,55,4.43,1.755,13.2,1.5,2.5,7.6,3.00,,hancoem01
173,Brenan Hanifee,27,DET,AL,-0.1,2,0,1.000,1.53,14,0,0,0,0,0,17.2,16,9,3,1,4,0,12,1,0,0,76,261,3.30,1.132,8.2,0.5,2.0,6.1,3.00,,hanifbr01
174,Jack Leiter,25,TEX,AL,0.0,2,1,.667,4.58,4,4,0,0,0,0,17.2,16,9,9,2,7,0,15,0,0,0,75,84,4.03,1.302,8.2,1.0,3.6,7.6,2.14,,leiteja01
175,Jacob Webb,31,TEX,AL,-0.1,2,1,.667,4.08,15,0,2,0,0,0,17.2,11,8,8,3,4,0,12,1,0,0,69,95,4.77,0.849,5.6,1.5,2.0,6.1,3.00,,webbja01
176,Jimmy Herget,31,COL,NL,0.6,0,0,,2.08,13,0,2,0,0,0,17.1,12,4,4,2,8,0,10,1,1,1,70,226,4.98,1.154,6.2,1.0,4.2,5.2,1.25,,hergeji01
177,Adrián Morejón*,26,SDP,NL,0.6,1,0,1.000,1.56,17,0,2,0,0,1,17.1,13,3,3,0,3,0,15,0,0,2,68,269,1.86,0.923,6.8,0.0,1.6,7.8,5.00,,morejad01
178,José Alvarado*,30,PHI,NL,0.5,3,1,.750,3.18,16,0,8,0,0,6,17.0,18,7,6,1,3,0,22,0,0,2,73,133,1.78,1.235,9.5,0.5,1.6,11.6,7.33,,alvarjo03
179,Mason Englert,25,TBR,AL,-0.1,0,0,,4.24,10,0,2,0,0,0,17.0,18,9,8,1,4,0,16,1,0,0,72,95,2.84,1.294,9.5,0.5,2.1,8.5,4.00,,englema01
180,Richard Fitts,25,BOS,AL,0.2,0,2,.000,3.18,3,3,0,0,0,0,17.0,14,6,6,2,5,0,13,0,0,1,70,133,3.95,1.118,7.4,1.1,2.6,6.9,2.60,,fittsri01
181,Easton Lucas*,28,TOR,AL,-0.4,2,2,.500,7.41,4,4,0,0,0,0,17.0,17,14,14,5,9,0,19,0,0,1,75,55,6.25,1.529,9.0,2.6,4.8,10.1,2.11,,lucasea01
182,Ryne Nelson,27,ARI,NL,-0.1,1,0,1.000,5.82,7,0,3,0,0,0,17.0,16,11,11,1,4,0,20,0,0,0,73,73,2.19,1.176,8.5,0.5,2.1,10.6,5.00,,nelsory01
183,Hunter Dobbins,25,BOS,AL,0.0,2,1,.667,3.78,3,3,0,0,0,0,16.2,18,8,7,2,4,0,13,2,0,0,74,112,4.15,1.320,9.7,1.1,2.2,7.0,3.25,,dobbihu01
184,Jeremiah Estrada,26,SDP,NL,0.5,1,1,.500,2.16,17,0,1,0,0,0,16.2,11,4,4,2,4,0,24,0,0,1,64,194,2.47,0.900,5.9,1.1,2.2,13.0,6.00,,estraje01
185,Luis García,38,LAD,NL,0.0,1,0,1.000,3.78,17,0,8,0,0,0,16.2,15,8,7,1,11,2,17,0,0,3,73,105,3.79,1.560,8.1,0.5,5.9,9.2,1.55,,garcilu03
186,Alek Jacob,27,SDP,NL,0.4,1,0,1.000,2.16,14,0,2,0,0,0,16.2,15,4,4,3,4,0,12,4,0,0,70,194,5.41,1.140,8.1,1.6,2.2,6.5,3.00,,jacobal01
187,Cade Smith,26,CLE,AL,0.5,1,0,1.000,1.08,17,0,3,0,0,3,16.2,11,4,2,0,6,1,22,1,0,0,68,373,1.69,1.020,5.9,0.0,3.2,11.9,3.67,,smithca06
188,Justin Sterner,28,ATH,AL,1.2,1,0,1.000,0.00,16,0,2,0,0,0,16.2,6,0,0,0,9,0,20,1,0,0,64,,2.47,0.900,3.2,0.0,4.9,10.8,2.22,,sternju01
189,Graham Ashcraft,27,CIN,NL,0.0,2,3,.400,2.20,13,0,3,0,0,0,16.1,13,9,4,1,7,0,17,0,0,2,68,202,3.07,1.224,7.2,0.6,3.9,9.4,2.43,,ashcrgr01
190,Joey Cantillo*,25,CLE,AL,-0.1,0,0,,2.20,13,0,6,0,0,1,16.1,14,9,4,2,9,0,21,0,0,2,72,183,3.75,1.408,7.7,1.1,5.0,11.6,2.33,,cantijo01
191,Tyler Ferguson,31,ATH,AL,1.1,0,0,,0.55,16,0,4,0,0,1,16.1,7,2,1,1,8,0,15,0,0,0,61,746,3.50,0.918,3.9,0.6,4.4,8.3,1.88,,ferguty01
192,Tim Hill*,35,NYY,AL,0.3,3,0,1.000,2.76,14,0,3,0,0,0,16.1,10,5,5,1,5,0,11,0,0,1,63,146,3.44,0.918,5.5,0.6,2.8,6.1,2.20,,hillti01
193,Jeff Hoffman,32,TOR,AL,1.2,3,0,1.000,1.10,14,0,13,0,0,7,16.1,9,2,2,1,2,1,23,0,0,0,59,369,1.42,0.673,5.0,0.6,1.1,12.7,11.50,,hoffmje02
194,Tyler Holton*,29,DET,AL,0.2,2,2,.500,2.76,14,0,2,0,0,0,16.1,14,6,5,3,5,0,16,0,0,0,67,145,4.42,1.163,7.7,1.7,2.8,8.8,3.20,,holtoty01
195,Daniel Lynch IV*,28,KCR,AL,0.7,3,0,1.000,1.10,14,0,6,0,0,1,16.1,10,2,2,1,6,0,9,1,0,0,63,380,4.05,0.980,5.5,0.6,3.3,5.0,1.50,,lynchda02
196,Tyler Rogers,34,SFG,NL,0.6,2,1,.667,1.65,17,0,2,0,0,0,16.1,11,3,3,1,3,0,14,0,0,0,61,236,2.70,0.857,6.1,0.6,1.7,7.7,4.67,,rogerty01
197,George Soriano,26,MIA,NL,-0.7,1,0,1.000,9.37,10,0,3,0,0,0,16.1,20,18,17,6,11,1,17,2,0,1,79,48,8.15,1.898,11.0,3.3,6.1,9.4,1.55,,soriage01
198,Louis Varland,27,MIN,AL,0.1,2,3,.400,3.86,18,0,3,0,0,0,16.1,15,8,7,3,4,0,21,0,0,0,67,109,3.62,1.163,8.3,1.7,2.2,11.6,5.25,,varlalo01
199,Joey Wentz*,27,PIT,NL,0.2,1,1,.500,3.86,13,0,4,0,0,0,16.1,13,9,7,2,8,2,12,1,0,0,71,111,4.85,1.286,7.2,1.1,4.4,6.6,1.50,,wentzjo01
200,Keegan Akin*,30,BAL,AL,0.3,0,0,,2.81,16,1,2,0,0,0,16.0,13,5,5,1,8,0,18,0,0,0,67,135,3.13,1.313,7.3,0.6,4.5,10.1,2.25,,akinke01
201,Anthony Banda*,31,LAD,NL,0.0,3,0,1.000,3.38,16,0,1,0,0,0,16.0,12,6,6,3,4,0,10,0,0,0,60,118,5.01,1.000,6.8,1.7,2.3,5.6,2.50,,bandaan01
202,Andrés Muñoz,26,SEA,AL,1.7,1,0,1.000,0.00,16,0,13,0,0,12,16.0,5,0,0,0,7,2,20,0,0,0,58,,1.88,0.750,2.8,0.0,3.9,11.3,2.86,,munozan01
203,Steven Okert*,33,HOU,AL,0.6,1,1,.500,1.69,14,0,2,0,0,1,16.0,7,3,3,1,1,0,18,1,0,0,57,237,2.01,0.500,3.9,0.6,0.6,10.1,18.00,,okertst01
204,Tony Santillan,28,CIN,NL,0.7,0,0,,1.69,16,0,3,0,0,1,16.0,11,3,3,2,4,0,12,0,0,1,61,264,3.95,0.938,6.2,1.1,2.3,6.8,3.00,,santito01
205,Tanner Scott*,30,LAD,NL,0.3,0,0,,2.25,16,0,9,0,0,8,16.0,14,4,4,2,0,0,15,0,0,0,57,177,2.82,0.875,7.9,1.1,0.0,8.4,,,scottta01
206,Matt Bowman,34,BAL,AL,0.0,0,1,.000,4.60,14,0,7,0,0,0,15.2,18,9,8,2,3,0,10,1,0,0,70,83,4.22,1.340,10.3,1.1,1.7,5.7,3.33,,bowmama01
207,Camilo Doval,27,SFG,NL,0.2,2,1,.667,1.72,17,0,9,0,0,5,15.2,6,6,3,0,5,1,10,1,0,0,59,227,2.94,0.702,3.4,0.0,2.9,5.7,2.00,,dovalca01
208,Ronny Henriquez,25,MIA,NL,0.2,1,1,.500,2.87,13,0,2,0,0,0,15.2,15,8,5,2,10,1,20,2,2,0,75,158,4.48,1.596,8.6,1.1,5.7,11.5,2.00,,henriro01
209,Daysbel Hernández,28,ATL,NL,0.6,3,0,1.000,1.72,15,0,4,0,0,0,15.2,6,3,3,0,7,0,9,0,0,1,57,246,3.26,0.830,3.4,0.0,4.0,5.2,1.29,,hernada03
210,Bryan King*,28,HOU,AL,0.5,0,0,,1.72,17,0,2,0,0,0,15.2,9,3,3,1,4,0,17,1,0,1,62,232,2.69,0.830,5.2,0.6,2.3,9.8,4.25,,kingbr02
211,Brendon Little*,28,TOR,AL,0.4,1,0,1.000,2.30,18,0,2,0,0,0,15.2,12,5,4,1,9,0,23,0,0,2,68,177,2.69,1.340,6.9,0.6,5.2,13.2,2.56,,littlbr02
212,Chris Martin,39,TEX,AL,-0.3,0,4,.000,2.30,16,0,3,0,0,1,15.2,13,8,4,1,3,2,18,0,0,1,63,169,2.18,1.021,7.5,0.6,1.7,10.3,6.00,,martich02
213,Hoby Milner*,34,TEX,AL,0.5,1,0,1.000,1.72,15,0,3,0,0,0,15.2,9,3,3,0,6,1,16,0,0,0,60,225,2.18,0.957,5.2,0.0,3.4,9.2,2.67,,milneho01
214,Brent Suter*,35,CIN,NL,0.3,0,0,,2.30,10,1,4,0,0,0,15.2,11,5,4,1,2,0,7,1,0,0,63,194,3.58,0.830,6.3,0.6,1.1,4.0,3.50,,suterbr01
215,Abner Uribe,25,MIL,NL,0.5,1,0,1.000,1.72,16,0,0,0,0,0,15.2,13,4,3,1,6,0,19,0,0,2,64,244,2.63,1.213,7.5,0.6,3.4,10.9,3.17,,uribeab01
216,Alex Vesia*,29,LAD,NL,0.2,0,0,,2.87,17,0,1,0,0,1,15.2,12,5,5,3,6,0,23,1,0,2,62,139,3.97,1.149,6.9,1.7,3.4,13.2,3.83,,vesiaal01
217,Tanner Banks*,33,PHI,NL,0.4,1,0,1.000,2.93,14,0,5,0,0,0,15.1,11,5,5,1,4,0,18,0,0,1,59,145,2.35,0.978,6.5,0.6,2.3,10.6,4.50,,banksta01
218,Emmanuel Clase,27,CLE,AL,-0.5,4,0,1.000,5.87,16,0,13,0,0,7,15.1,24,11,10,1,3,0,15,1,0,1,72,69,2.75,1.761,14.1,0.6,1.8,8.8,5.00,,claseem01
219,Jhoan Durán,27,MIN,AL,0.7,0,0,,1.17,16,0,8,0,0,4,15.1,9,2,2,0,8,2,17,0,0,0,64,357,2.42,1.109,5.3,0.0,4.7,10.0,2.13,,duranjh01
220,Jakob Junis,32,CLE,AL,0.0,0,1,.000,4.11,15,0,1,0,0,0,15.1,17,7,7,2,2,0,10,0,0,0,64,98,3.85,1.239,10.0,1.2,1.2,5.9,5.00,,junisja01
221,Jorge López,32,WSN,NL,-0.1,4,0,1.000,5.87,15,0,3,0,0,0,15.1,11,10,10,1,5,0,10,2,0,1,63,71,3.99,1.043,6.5,0.6,2.9,5.9,2.00,,lopezjo02
222,Emilio Pagán,34,CIN,NL,0.5,0,1,.000,2.35,16,0,14,0,0,8,15.1,5,5,4,3,3,0,17,0,0,0,54,190,3.99,0.522,2.9,1.8,1.8,10.0,5.67,,paganem01
223,Elvin Rodríguez,27,MIL,NL,-0.3,0,2,.000,7.04,5,2,3,0,0,0,15.1,18,12,12,6,3,0,15,1,0,0,66,60,6.99,1.370,10.6,3.5,1.8,8.8,5.00,,rodriel02
224,Kirby Yates,38,LAD,NL,0.1,3,1,.750,2.93,18,0,2,0,0,0,15.1,12,6,5,2,5,0,26,1,0,1,63,136,2.55,1.109,7.0,1.2,2.9,15.3,5.20,,yateski01
225,Scott Blewett,29,3TM,2LG,0.1,0,0,,3.52,8,1,3,0,0,0,15.1,15,7,6,2,6,0,17,1,0,1,67,122,3.92,1.370,8.8,1.2,3.5,10.0,2.83,,blewesc01
225,Scott Blewett,29,2TM,AL,0.2,0,0,,1.00,4,0,2,0,0,0,9.0,9,2,1,0,1,0,11,1,0,1,38,425,1.29,1.111,9.0,0.0,1.0,11.0,11.00,,blewesc01
225,Scott Blewett,29,MIN,AL,0.1,0,0,,1.93,2,0,2,0,0,0,4.2,4,1,1,0,0,0,5,1,0,0,19,229,1.57,0.857,7.7,0.0,0.0,9.6,,,blewesc01
225,Scott Blewett,29,BAL,AL,0.1,0,0,,0.00,2,0,0,0,0,0,4.1,5,1,0,0,1,0,6,0,0,1,19,,1.00,1.385,10.4,0.0,2.1,12.5,6.00,,blewesc01
225,Scott Blewett,29,ATL,NL,-0.1,0,0,,7.11,4,1,1,0,0,0,6.1,6,5,5,2,5,0,6,0,0,0,29,62,7.65,1.737,8.5,2.8,7.1,8.5,1.20,,blewesc01
226,Hunter Bigge,27,TBR,AL,0.2,0,0,,2.40,13,0,5,0,0,0,15.0,11,4,4,4,5,0,12,1,0,0,60,168,6.14,1.067,6.6,2.4,3.0,7.2,2.40,,biggehu01
227,Carlos Estévez,32,KCR,AL,0.5,1,0,1.000,2.40,14,0,11,0,0,9,15.0,8,5,4,0,9,3,13,2,1,1,64,175,3.54,1.133,4.8,0.0,5.4,7.8,1.44,,estevca01
228,Chad Green,34,TOR,AL,0.1,1,0,1.000,4.20,16,0,3,0,0,0,15.0,15,7,7,6,3,0,14,1,0,0,61,97,7.21,1.200,9.0,3.6,1.8,8.4,4.67,,greench03
229,Josh Hader*,31,HOU,AL,0.7,1,0,1.000,1.80,13,0,12,0,0,8,15.0,9,3,3,1,3,0,20,0,0,1,57,222,1.87,0.800,5.4,0.6,1.8,12.0,6.67,,haderjo01
230,Porter Hodge,24,CHC,NL,-0.2,2,0,1.000,4.80,16,0,2,0,0,1,15.0,13,9,8,1,8,0,16,0,0,4,64,85,3.41,1.400,7.8,0.6,4.8,9.6,2.00,,hodgepo01
231,Jared Koenig*,31,MIL,NL,0.5,2,0,1.000,2.40,16,0,2,0,0,0,15.0,8,4,4,0,5,0,14,1,0,1,58,175,2.41,0.867,4.8,0.0,3.0,8.4,2.80,,koenija01
232,Noah Murdock,26,ATH,AL,-1.2,1,0,1.000,13.80,12,0,2,0,0,0,15.0,23,23,23,0,19,3,17,2,1,0,88,30,5.01,2.800,13.8,0.0,11.4,10.2,0.89,,murdono01
233,Manuel Rodríguez,28,TBR,AL,0.3,0,0,,1.80,15,0,2,0,0,0,15.0,11,4,3,1,3,0,15,1,0,1,59,224,2.74,0.933,6.6,0.6,1.8,9.0,5.00,,rodrima01
234,Robert Suarez,34,SDP,NL,1.0,0,0,,0.60,15,0,14,0,0,13,15.0,5,1,1,0,4,0,16,0,0,0,53,701,1.74,0.600,3.0,0.0,2.4,9.6,4.00,,suarero01
235,Luke Weaver,31,NYY,AL,1.0,0,0,,0.00,13,0,6,0,0,3,15.0,3,0,0,0,5,1,16,0,0,0,53,,1.94,0.533,1.8,0.0,3.0,9.6,3.20,,weavelu01
236,Greg Weissert,30,BOS,AL,0.3,1,0,1.000,3.00,15,0,1,0,0,0,15.0,14,5,5,1,3,0,18,1,0,0,63,141,2.34,1.133,8.4,0.6,1.8,10.8,6.00,,weissgr01
237,Spencer Bivens,31,SFG,NL,0.2,1,1,.500,3.68,10,0,4,0,0,0,14.2,12,7,6,1,6,0,12,1,0,1,61,106,3.75,1.227,7.4,0.6,3.7,7.4,2.00,,bivensp01
238,Enyel De Los Santos,29,ATL,NL,0.0,1,1,.500,4.30,13,0,2,0,0,0,14.2,12,7,7,2,5,1,16,1,0,2,62,99,3.89,1.159,7.4,1.2,3.1,9.8,3.20,,delosen01
239,Caleb Ferguson*,28,PIT,NL,0.2,1,0,1.000,3.68,15,0,1,0,0,0,14.2,13,6,6,0,7,1,7,1,0,0,63,117,3.75,1.364,8.0,0.0,4.3,4.3,1.00,,ferguca01
240,Robert Garcia*,29,TEX,AL,0.4,1,1,.500,1.84,17,0,2,0,0,1,14.2,11,3,3,0,4,0,13,0,1,1,56,211,2.12,1.023,6.8,0.0,2.5,8.0,3.25,,garciro04
241,Yimi García,34,TOR,AL,0.3,0,1,.000,2.45,15,0,2,0,0,2,14.2,8,5,4,1,6,1,20,1,0,1,59,166,2.66,0.955,4.9,0.6,3.7,12.3,3.33,,garciyi01
242,Griffin Jax,30,MIN,AL,-0.6,0,2,.000,6.75,16,0,1,0,0,0,14.2,18,12,11,3,3,0,24,0,0,0,66,62,3.07,1.432,11.0,1.8,1.8,14.7,8.00,,jaxgr01
243,Brad Keller,29,CHC,NL,-0.2,0,0,,4.30,13,0,3,0,0,0,14.2,14,9,7,0,6,0,17,1,0,0,65,95,2.19,1.364,8.6,0.0,3.7,10.4,2.83,,kellebr01
244,Shelby Miller,34,ARI,NL,0.9,3,0,1.000,1.23,14,0,3,0,0,1,14.2,8,3,2,1,4,0,17,1,0,0,57,346,2.66,0.818,4.9,0.6,2.5,10.4,4.25,,millesh01
245,Randy Rodríguez,25,SFG,NL,0.6,2,0,1.000,1.23,14,0,1,0,0,0,14.2,11,2,2,1,1,0,19,1,0,0,57,319,1.78,0.818,6.8,0.6,0.6,11.7,19.00,,rodrira02
246,Eduardo Salazar,27,WSN,NL,-0.5,0,1,.000,9.20,16,0,5,0,0,0,14.2,27,15,15,3,6,0,11,1,1,0,77,45,5.66,2.250,16.6,1.8,3.7,6.8,1.83,,salazed01
247,Clarke Schmidt,29,NYY,AL,-0.2,0,1,.000,5.52,3,3,0,0,0,0,14.2,12,9,9,3,9,0,15,0,0,0,65,73,5.53,1.432,7.4,1.8,5.5,9.2,1.67,,schmicl01
248,Chase Shugart,28,PIT,NL,0.5,1,1,.500,1.23,12,0,4,0,0,0,14.2,7,2,2,1,3,0,11,0,0,1,54,350,3.07,0.682,4.3,0.6,1.8,6.8,3.67,,shugach01
249,Ryan Thompson,33,ARI,NL,0.2,0,0,,3.68,14,0,1,0,0,1,14.2,11,6,6,1,6,1,14,1,0,0,62,115,3.48,1.159,6.8,0.6,3.7,8.6,2.33,,thompry02
250,Reid Detmers*,25,LAA,AL,-0.4,0,2,.000,8.16,11,0,2,0,0,0,14.1,19,13,13,2,6,0,14,0,0,0,66,52,4.19,1.744,11.9,1.3,3.8,8.8,2.33,,detmere01
251,Lucas Erceg,30,KCR,AL,0.8,0,0,,0.63,16,0,1,0,0,1,14.1,7,1,1,0,1,0,10,1,0,0,49,669,2.10,0.558,4.4,0.0,0.6,6.3,10.00,,erceglu01
252,Reed Garrett,32,NYM,NL,0.7,0,1,.000,0.63,15,0,3,0,0,0,14.1,9,2,1,1,5,0,16,0,0,1,56,631,2.79,0.977,5.7,0.6,3.1,10.0,3.20,,garrere01
253,Cionel Pérez*,29,BAL,AL,-0.5,0,0,,8.79,12,0,4,0,0,0,14.1,22,15,14,2,11,1,15,2,1,1,76,43,5.51,2.302,13.8,1.3,6.9,9.4,1.36,,perezci01
254,Yariel Rodríguez,28,TOR,AL,0.0,0,0,,5.65,13,1,3,0,0,0,14.1,13,9,9,4,8,1,12,2,1,1,62,72,7.12,1.465,8.2,2.5,5.0,7.5,1.50,,rodriya01
255,John Schreiber,31,KCR,AL,0.6,1,1,.500,1.88,14,0,2,0,0,0,14.1,11,3,3,3,5,0,13,0,0,0,55,223,5.03,1.116,6.9,1.9,3.1,8.2,2.60,,schrejo01
256,Carlos Vargas,25,SEA,AL,0.1,1,1,.500,3.14,11,0,2,0,0,0,14.1,17,6,5,2,4,0,9,0,0,0,62,118,4.47,1.465,10.7,1.3,2.5,5.7,2.25,,vargaca01
257,Anthony Veneziano*,27,MIA,NL,0.3,0,0,,3.14,17,0,2,0,0,0,14.1,13,5,5,1,7,0,11,1,0,0,65,145,4.12,1.395,8.2,0.6,4.4,6.9,1.57,,venezan01
258,Bryan Abreu,28,HOU,AL,0.5,0,1,.000,1.93,15,0,2,0,0,0,14.0,11,3,3,0,9,0,20,0,0,1,64,208,2.14,1.429,7.1,0.0,5.8,12.9,2.22,,abreubr01
259,Shawn Armstrong,34,TEX,AL,0.0,1,0,1.000,3.21,13,0,4,0,0,0,14.0,11,6,5,1,8,0,16,2,0,2,62,121,3.86,1.357,7.1,0.6,5.1,10.3,2.00,,armstsh01
260,Bryan Baker,30,BAL,AL,0.3,2,0,1.000,2.57,15,0,3,0,0,0,14.0,12,4,4,3,5,0,16,0,0,0,54,148,4.64,1.214,7.7,1.9,3.2,10.3,3.20,,bakerbr01
261,Scott Barlow,32,CIN,NL,0.3,1,0,1.000,3.21,16,0,1,0,0,0,14.0,9,5,5,1,10,1,12,1,0,0,61,139,4.64,1.357,5.8,0.6,6.4,7.7,1.20,,barlosc01
262,Anthony Bender,30,MIA,NL,0.5,1,2,.333,2.57,14,0,5,0,0,1,14.0,10,4,4,0,7,0,10,2,0,0,60,177,3.57,1.214,6.4,0.0,4.5,6.4,1.43,,bendean01
263,Brandon Eisert*,27,CHW,AL,-0.1,1,0,1.000,5.14,12,1,3,0,0,1,14.0,18,8,8,2,2,1,18,1,0,1,62,79,3.00,1.429,11.6,1.3,1.3,11.6,9.00,,eiserbr01
264,Ryan Johnson,22,LAA,AL,-0.2,1,0,1.000,5.14,12,0,4,0,0,1,14.0,19,11,8,3,4,1,14,0,0,0,64,83,4.71,1.643,12.2,1.9,2.6,9.0,3.50,,johnsry01
265,Phil Maton,32,STL,NL,0.0,0,1,.000,3.86,16,0,2,0,0,1,14.0,14,7,6,0,3,0,17,2,0,0,61,111,1.71,1.214,9.0,0.0,1.9,10.9,5.67,,matonph01
266,Yuki Matsui*,29,SDP,NL,0.3,0,1,.000,2.57,13,0,4,0,0,0,14.0,9,5,4,2,6,1,19,0,0,1,56,164,3.50,1.071,5.8,1.3,3.9,12.2,3.17,,matsuyu01
267,Edwin Uceta,27,TBR,AL,0.2,2,1,.667,3.21,15,0,3,0,0,0,14.0,12,5,5,2,6,2,10,2,0,0,58,126,5.21,1.286,7.7,1.3,3.9,6.4,1.67,,ucetaed01
268,Will Vest,30,DET,AL,0.3,1,0,1.000,2.57,14,0,7,0,0,3,14.0,9,4,4,1,5,0,16,0,0,0,55,156,2.79,1.000,5.8,0.6,3.2,10.3,3.20,,vestwi01
269,Yoendrys Gómez,25,2TM,2LG,0.0,1,1,.500,4.50,8,0,5,0,0,1,14.0,12,8,7,2,11,0,10,0,0,0,64,92,5.86,1.643,7.7,1.3,7.1,6.4,0.91,,gomezyo01
269,Yoendrys Gómez,25,NYY,AL,0.2,1,1,.500,2.70,6,0,3,0,0,0,10.0,5,4,3,1,9,0,5,0,0,0,44,151,6.07,1.400,4.5,0.9,8.1,4.5,0.56,,gomezyo01
269,Yoendrys Gómez,25,LAD,NL,-0.1,0,0,,9.00,2,0,2,0,0,1,4.0,7,4,4,1,2,0,5,0,0,0,20,48,5.32,2.250,15.8,2.3,4.5,11.3,2.50,,gomezyo01
270,Kyle Finnegan,33,WSN,NL,0.7,0,1,.000,2.63,14,0,12,0,0,11,13.2,12,4,4,0,7,0,15,0,0,4,59,158,2.41,1.390,7.9,0.0,4.6,9.9,2.14,,finneky01
271,J.T. Ginn,26,ATH,AL,0.4,1,1,.500,4.61,3,3,0,0,0,0,13.2,15,7,7,4,6,0,15,1,0,0,63,90,6.22,1.537,9.9,2.6,4.0,9.9,2.50,,ginnjt01
272,Carlos Hernández,28,PHI,NL,-0.1,0,0,,6.59,13,0,7,0,0,0,13.2,18,10,10,3,8,1,11,2,0,0,70,65,6.51,1.902,11.9,2.0,5.3,7.2,1.38,,hernaca04
273,Dylan Lee*,30,ATL,NL,0.5,1,1,.500,2.63,14,0,1,0,0,1,13.2,8,4,4,3,5,1,12,0,2,1,52,162,5.27,0.951,5.3,2.0,3.3,7.9,2.40,,leedy01
274,Mark Leiter Jr.,34,NYY,AL,-0.1,2,3,.400,3.95,16,0,3,0,0,1,13.2,12,7,6,1,5,0,21,1,0,1,58,102,2.27,1.244,7.9,0.7,3.3,13.8,4.20,,leitema02
275,Keider Montero,24,DET,AL,-0.2,0,1,.000,5.93,3,3,0,0,0,0,13.2,17,10,9,4,7,0,13,1,0,0,64,68,6.73,1.756,11.2,2.6,4.6,8.6,1.86,,monteke01
276,Matt Strahm*,33,PHI,NL,0.5,1,1,.500,2.63,16,0,3,0,0,1,13.2,13,5,4,0,4,0,16,0,0,1,57,162,1.61,1.244,8.6,0.0,2.6,10.5,4.00,,strahma01
277,Aaron Bummer*,31,ATL,NL,-0.1,0,1,.000,4.05,11,0,3,0,0,0,13.1,13,7,6,0,5,2,16,1,0,1,58,105,2.02,1.350,8.8,0.0,3.4,10.8,3.20,,bummeaa01
278,Pete Fairbanks,31,TBR,AL,0.5,2,1,.667,2.03,14,0,11,0,0,8,13.1,9,3,3,0,6,0,13,0,0,0,53,200,2.47,1.125,6.1,0.0,4.1,8.8,2.17,,fairbpe01
279,Hunter Gaddis,27,CLE,AL,0.7,0,0,,0.68,15,0,1,0,0,0,13.1,11,1,1,1,6,1,21,0,0,1,56,600,2.25,1.275,7.4,0.7,4.1,14.2,3.50,,gaddihu01
280,Julian Merryweather,33,CHC,NL,0.1,0,1,.000,3.38,15,0,0,0,0,0,13.1,12,6,5,0,7,2,11,0,0,1,58,121,3.00,1.425,8.1,0.0,4.7,7.4,1.57,,merryju01
281,Wandy Peralta*,33,SDP,NL,0.4,2,0,1.000,1.35,14,0,5,0,0,0,13.1,6,2,2,1,4,0,11,0,0,0,50,312,3.30,0.750,4.1,0.7,2.7,7.4,2.75,,peralwa01
282,Dennis Santana,29,PIT,NL,0.7,0,1,.000,1.35,14,0,7,0,0,3,13.1,8,3,2,0,3,0,8,0,0,0,49,319,2.55,0.825,5.4,0.0,2.0,5.4,2.67,,santade01
283,Collin Snider,29,SEA,AL,-0.1,0,0,,3.38,12,0,0,0,0,0,13.1,13,7,5,1,2,0,9,0,0,0,56,110,3.15,1.125,8.8,0.7,1.4,6.1,4.50,,snideco01
284,Carson Spiers,27,CIN,NL,-0.1,0,2,.000,6.08,3,2,1,0,0,0,13.1,13,9,9,3,7,0,11,1,0,0,60,74,6.15,1.500,8.8,2.0,4.7,7.4,1.57,,spierca01
285,Trent Thornton,31,SEA,AL,-0.5,1,0,1.000,6.75,15,0,0,0,0,0,13.1,14,10,10,5,3,0,11,1,0,0,56,55,7.20,1.275,9.5,3.4,2.0,7.4,3.67,,thorntr01
286,Ryan Borucki*,31,PIT,NL,0.1,0,0,,3.46,14,0,1,0,0,0,13.0,8,6,5,0,3,1,13,0,1,2,49,124,1.76,0.846,5.5,0.0,2.1,9.0,4.33,,borucry01
287,Edwin Díaz,31,NYM,NL,-0.1,1,0,1.000,4.15,13,0,9,0,0,7,13.0,10,7,6,2,7,0,21,2,0,4,56,96,3.92,1.308,6.9,1.4,4.8,14.5,3.00,,diazed04
288,David Festa,25,MIN,AL,0.6,0,0,,1.38,3,3,0,0,0,0,13.0,12,3,2,0,5,0,15,2,0,0,56,304,2.38,1.308,8.3,0.0,3.5,10.4,3.00,,festada01
289,Mason Fluharty*,23,TOR,AL,0.4,2,0,1.000,2.08,13,0,2,0,0,0,13.0,4,3,3,0,5,1,12,1,0,0,47,197,2.61,0.692,2.8,0.0,3.5,8.3,2.40,,fluhama01
290,Seth Halvorsen,25,COL,NL,-0.1,0,0,,4.15,13,0,6,0,0,1,13.0,13,9,6,1,6,0,11,0,0,2,57,114,3.76,1.462,9.0,0.7,4.2,7.6,1.83,,halvose01
291,Raisel Iglesias,35,ATL,NL,-0.1,1,2,.333,4.85,13,0,11,0,0,6,13.0,11,7,7,5,2,0,15,0,0,0,51,88,6.23,1.000,7.6,3.5,1.4,10.4,7.50,,iglesra01
292,Orion Kerkering,24,PHI,NL,-0.3,3,1,.750,4.85,15,0,2,0,0,0,13.0,13,10,7,2,8,1,12,0,0,4,60,88,5.07,1.615,9.0,1.4,5.5,8.3,1.50,,kerkeor01
293,Tyler Kinley,34,COL,NL,-0.3,0,1,.000,6.92,14,0,5,0,0,1,13.0,14,12,10,0,11,3,14,1,0,3,66,68,3.69,1.923,9.7,0.0,7.6,9.7,1.27,,kinlety01
294,Ryan Pressly,36,CHC,NL,0.3,2,1,.667,2.08,13,0,10,0,0,4,13.0,12,4,3,1,7,0,5,0,0,0,54,197,4.92,1.462,8.3,0.7,4.8,3.5,0.71,,pressry01
295,Gabe Speier*,30,SEA,AL,0.4,1,0,1.000,2.08,15,0,0,0,0,0,13.0,8,3,3,1,3,0,16,1,0,0,50,178,2.53,0.846,5.5,0.7,2.1,11.1,5.33,,speiega01
296,Ángel Zerpa*,25,KCR,AL,0.0,2,0,1.000,4.15,13,0,1,0,0,0,13.0,18,6,6,2,4,0,10,1,0,0,59,101,4.69,1.692,12.5,1.4,2.8,6.9,2.50,,zerpaan01
297,Valente Bellozo,25,MIA,NL,0.1,0,2,.000,4.97,3,3,0,0,0,0,12.2,13,7,7,1,8,0,7,1,1,0,58,92,5.12,1.658,9.2,0.7,5.7,5.0,0.88,,bellova01
298,Tim Herrin*,28,CLE,AL,0.2,3,0,1.000,2.84,15,0,0,0,0,0,12.2,9,4,4,2,5,0,14,4,0,0,55,143,5.05,1.105,6.4,1.4,3.6,9.9,2.80,,herriti01
299,Pierce Johnson,34,ATL,NL,0.2,1,0,1.000,2.84,13,0,3,0,0,0,12.2,8,4,4,0,4,0,15,0,0,1,49,150,1.65,0.947,5.7,0.0,2.8,10.7,3.75,,johnspi01
300,Tommy Kahnle,35,DET,AL,0.5,0,0,,0.71,12,0,7,0,0,5,12.2,4,2,1,0,3,0,12,1,0,1,46,566,2.12,0.553,2.8,0.0,2.1,8.5,4.00,,kahnlto01
301,Mason Miller,26,ATH,AL,0.1,0,1,.000,4.97,13,0,12,0,0,10,12.2,8,7,7,2,4,0,25,1,0,3,50,83,2.36,0.947,5.7,1.4,2.8,17.8,6.25,,millema03
302,Penn Murfee,31,CHW,AL,-0.4,0,1,.000,7.82,15,0,4,0,0,0,12.2,19,11,11,3,5,0,13,1,0,0,63,52,5.52,1.895,13.5,2.1,3.6,9.2,2.60,,murfepe01
303,Cole Sands,27,MIN,AL,0.3,2,1,.667,3.55,14,0,2,0,0,0,12.2,9,5,5,1,6,0,10,1,0,1,53,119,4.18,1.184,6.4,0.7,4.3,7.1,1.67,,sandsco01
304,Tayler Scott,33,HOU,AL,-0.4,1,2,.333,6.39,14,0,1,0,0,0,12.2,12,10,9,1,8,0,13,1,0,0,59,63,4.18,1.579,8.5,0.7,5.7,9.2,1.63,,scottta02
305,Ryne Stanek,33,NYM,NL,-0.2,0,3,.000,4.26,15,0,5,0,0,1,12.2,13,7,6,0,6,0,12,0,0,1,58,93,2.60,1.500,9.2,0.0,4.3,8.5,2.00,,stanery01
306,Casey Lawrence,37,2TM,AL,-0.6,1,1,.500,4.97,5,0,4,0,0,0,12.2,20,14,7,2,1,0,5,1,0,1,60,79,4.81,1.658,14.2,1.4,0.7,3.6,5.00,,lawreca01
306,Casey Lawrence,37,SEA,AL,-0.5,1,1,.500,3.60,4,0,3,0,0,0,10.0,14,11,4,2,1,0,4,0,0,1,45,104,5.17,1.500,12.6,1.8,0.9,3.6,4.00,,lawreca01
306,Casey Lawrence,37,TOR,AL,-0.1,0,0,,10.13,1,0,1,0,0,0,2.2,6,3,3,0,0,0,1,1,0,0,15,45,3.45,2.250,20.3,0.0,0.0,3.4,,,lawreca01
307,Jorge Alcalá,29,MIN,AL,-0.6,0,2,.000,9.49,12,0,5,0,0,0,12.1,17,13,13,2,8,0,12,1,0,1,60,44,5.42,2.027,12.4,1.5,5.8,8.8,1.50,,alcaljo01
308,Bradley Blalock,24,COL,NL,-0.3,0,1,.000,8.03,4,2,2,0,0,0,12.1,14,11,11,3,4,0,7,0,0,1,52,59,6.07,1.459,10.2,2.2,2.9,5.1,1.75,,blalobr01
309,Garrett Cleavinger*,31,TBR,AL,0.4,0,0,,2.19,13,0,3,0,0,1,12.1,7,3,3,2,2,0,17,1,0,0,47,186,3.15,0.730,5.1,1.5,1.5,12.4,8.50,,cleavga01
310,Danny Coulombe*,35,MIN,AL,0.7,0,0,,0.00,14,0,5,0,0,1,12.1,6,0,0,0,1,0,11,0,0,0,44,,1.53,0.568,4.4,0.0,0.7,8.0,11.00,,couloda01
311,Nick Mears,28,MIL,NL,0.6,0,0,,0.73,12,0,0,0,0,0,12.1,5,2,1,0,2,0,11,0,0,1,43,579,1.77,0.568,3.6,0.0,1.5,8.0,5.50,,mearsni01
312,Joel Payamps,31,MIL,NL,-0.6,0,1,.000,10.22,15,0,4,0,0,1,12.1,16,14,14,3,4,1,10,0,0,0,56,41,5.59,1.622,11.7,2.2,2.9,7.3,2.50,,payamjo01
313,Jordan Romano,32,PHI,NL,-0.8,0,1,.000,10.22,14,0,4,0,0,2,12.1,16,15,14,3,6,1,11,1,0,0,58,42,6.15,1.784,11.7,2.2,4.4,8.0,1.83,,romanjo03
314,Jackson Rutledge,26,WSN,NL,0.3,0,0,,2.19,9,0,4,0,0,0,12.1,9,4,3,1,7,0,19,2,0,2,54,191,3.23,1.297,6.6,0.7,5.1,13.9,2.71,,rutleja01
315,Justin Slaten,27,BOS,AL,-0.6,0,3,.000,6.57,14,0,6,0,0,3,12.1,11,10,9,1,5,2,9,0,0,0,53,65,3.88,1.297,8.0,0.7,3.6,6.6,1.80,,slateju01
316,Lou Trivino,33,SFG,NL,-0.2,1,0,1.000,5.84,11,0,5,0,0,0,12.1,11,8,8,4,5,0,11,1,0,0,54,67,6.96,1.297,8.0,2.9,3.6,8.0,2.20,,trivilo01
317,Cam Booser*,33,CHW,AL,-0.1,0,2,.000,5.25,13,0,3,0,0,0,12.0,7,7,7,3,7,0,13,2,0,0,51,78,6.41,1.167,5.3,2.3,5.3,9.8,1.86,,booseca01
318,Brock Burke*,28,LAA,AL,0.0,2,0,1.000,5.25,13,0,0,0,0,0,12.0,14,7,7,2,5,1,11,1,0,0,54,81,4.91,1.583,10.5,1.5,3.8,8.3,2.20,,burkebr01
319,Ryan Helsley,30,STL,NL,0.2,1,0,1.000,3.75,12,0,8,0,0,5,12.0,10,5,5,1,8,1,11,1,0,1,53,115,4.57,1.500,7.5,0.8,6.0,8.3,1.38,,helslry01
320,Luke Jackson,33,TEX,AL,-0.7,0,3,.000,6.00,15,0,13,0,0,8,12.0,12,10,8,2,5,0,11,0,0,0,53,65,4.66,1.417,9.0,1.5,3.8,8.3,2.20,,jackslu01
321,Jordan Leasure,26,CHW,AL,-0.1,0,2,.000,4.50,14,0,5,0,0,0,12.0,12,7,6,4,7,1,16,0,0,1,55,91,6.49,1.583,9.0,3.0,5.3,12.0,2.29,,leasujo01
322,Mason Montgomery*,25,TBR,AL,-0.3,0,1,.000,5.25,13,0,1,0,0,0,12.0,12,8,7,4,4,0,16,0,0,0,53,77,5.74,1.333,9.0,3.0,3.0,12.0,4.00,,montgma01
323,Chris Stratton,34,KCR,AL,-0.4,0,0,,8.25,9,0,5,0,0,0,12.0,22,13,11,2,6,0,9,0,0,0,64,51,5.24,2.333,16.5,1.5,4.5,6.8,1.50,,stratch01
324,Justin Topa,34,MIN,AL,0.1,1,2,.333,2.25,12,1,5,0,0,0,12.0,11,6,3,0,4,1,10,1,0,0,53,188,2.66,1.250,8.3,0.0,3.0,7.5,2.50,,topaju01
325,Brennan Bernardino*,33,BOS,AL,-0.2,1,1,.500,2.31,12,0,6,0,0,0,11.2,8,8,3,1,2,1,10,2,0,0,50,184,3.50,0.857,6.2,0.8,1.5,7.7,5.00,,bernabr01
326,Yennier Cano,31,BAL,AL,0.3,0,1,.000,1.54,13,0,1,0,0,0,11.2,12,3,2,2,1,0,10,0,0,0,45,248,3.84,1.114,9.3,1.5,0.8,7.7,10.00,,canoye01
327,Ian Gibaut,31,CIN,NL,-0.1,0,1,.000,5.40,12,0,1,0,0,0,11.2,12,7,7,2,4,0,11,0,0,0,51,83,4.44,1.371,9.3,1.5,3.1,8.5,2.75,,gibauia01
328,John King*,30,STL,NL,-0.2,0,0,,5.40,13,0,7,0,0,0,11.2,18,9,7,2,5,0,6,0,0,0,57,80,5.56,1.971,13.9,1.5,3.9,4.6,1.20,,kingjo01
329,Paul Sewald,35,CLE,AL,-0.2,1,1,.500,6.17,14,0,2,0,0,1,11.2,13,8,8,3,2,0,15,0,0,0,48,66,4.36,1.286,10.0,2.3,1.5,11.6,7.50,,sewalpa01
330,Caleb Thielbar*,38,CHC,NL,0.2,1,1,.500,3.86,14,0,3,0,0,1,11.2,6,5,5,0,7,1,10,0,0,0,48,107,3.16,1.114,4.6,0.0,5.4,7.7,1.43,,thielca01
331,Ryan Walker,29,SFG,NL,-0.2,1,1,.500,5.40,13,0,10,0,0,6,11.2,12,7,7,0,2,0,13,3,0,0,52,73,2.13,1.200,9.3,0.0,1.5,10.0,6.50,,walkery01
332,Josh Winckowski,27,BOS,AL,-0.1,0,1,.000,3.86,6,0,4,0,0,0,11.2,11,7,5,0,5,0,9,1,0,0,52,111,3.07,1.371,8.5,0.0,3.9,6.9,1.80,,winckjo01
333,Aroldis Chapman*,37,BOS,AL,0.5,2,1,.667,1.59,13,0,7,0,0,4,11.1,7,2,2,1,4,0,17,0,0,1,45,269,2.28,0.971,5.6,0.8,3.2,13.5,4.25,,chapmar01
334,Calvin Faucher,29,MIA,NL,-0.1,1,1,.500,3.18,12,0,3,0,0,2,11.1,8,7,4,1,8,0,10,0,0,0,49,144,4.57,1.412,6.4,0.8,6.4,7.9,1.25,,fauchca01
335,Justin Lawrence,30,PIT,NL,0.6,1,0,1.000,0.79,11,0,3,0,0,0,11.1,5,1,1,0,6,1,15,2,0,1,44,544,2.54,0.971,4.0,0.0,4.8,11.9,2.50,,lawreju01
336,Taylor Rogers*,34,CIN,NL,0.2,1,0,1.000,1.59,14,0,0,0,0,0,11.1,8,4,2,1,5,0,8,0,0,0,45,283,4.13,1.147,6.4,0.8,4.0,6.4,1.60,,rogerta01
337,José Ruiz,30,PHI,NL,0.1,0,0,,4.76,12,0,2,0,0,0,11.1,10,6,6,2,6,0,11,0,0,0,49,90,5.01,1.412,7.9,1.6,4.8,8.7,1.83,,ruizjo01
338,Lucas Sims,31,WSN,NL,-0.5,1,0,1.000,10.32,16,0,2,0,0,0,11.1,12,13,13,2,9,0,13,6,0,1,60,41,7.04,1.853,9.5,1.6,7.1,10.3,1.44,,simslu01
339,Gregory Soto*,30,BAL,AL,0.0,0,1,.000,4.76,13,0,2,0,0,0,11.1,12,6,6,0,5,0,12,1,0,2,52,81,2.54,1.500,9.5,0.0,4.0,9.5,2.40,,sotogr01
340,Rafael Montero,34,2TM,2LG,0.1,0,0,,3.97,12,0,4,0,0,0,11.1,8,5,5,0,10,1,13,0,0,0,51,109,3.42,1.588,6.4,0.0,7.9,10.3,1.30,,montera01
340,Rafael Montero,34,HOU,AL,0.0,0,0,,4.50,3,0,2,0,0,0,4.0,3,2,2,0,2,0,5,0,0,0,16,95,2.07,1.250,6.8,0.0,4.5,11.3,2.50,,montera01
340,Rafael Montero,34,ATL,NL,0.1,0,0,,3.68,9,0,2,0,0,0,7.1,5,3,3,0,8,1,8,0,0,0,35,118,4.16,1.773,6.1,0.0,9.8,9.8,1.00,,montera01
341,Kolby Allard*,27,CLE,AL,0.4,2,0,1.000,1.64,3,0,2,0,0,0,11.0,8,3,2,0,0,0,3,0,0,0,39,249,2.53,0.727,6.5,0.0,0.0,2.5,,,allarko01
342,Erik Miller*,27,SFG,NL,0.6,1,0,1.000,0.82,13,0,1,0,0,0,11.0,8,1,1,0,7,2,9,0,0,1,46,483,3.34,1.364,6.5,0.0,5.7,7.4,1.29,,milleer01
343,A.J. Minter*,31,NYM,NL,0.4,0,0,,1.64,13,0,1,0,0,0,11.0,6,2,2,0,5,0,14,0,1,0,44,244,1.89,1.000,4.9,0.0,4.1,11.5,2.80,,minteaj01
344,JoJo Romero*,28,STL,NL,-0.3,1,3,.250,5.73,14,0,3,0,0,0,11.0,9,8,7,1,8,2,8,0,0,0,48,76,4.98,1.545,7.4,0.8,6.5,6.5,1.00,,romerjo01
345,Devin Williams,30,NYY,AL,-0.6,0,2,.000,8.18,13,0,8,0,0,4,11.0,12,12,10,0,8,0,11,1,0,1,53,50,3.53,1.818,9.8,0.0,6.5,9.0,1.38,,willide03
346,Seranthony Domínguez,30,BAL,AL,0.0,2,0,1.000,4.22,12,0,1,0,0,0,10.2,8,5,5,2,7,0,11,0,0,3,43,91,5.42,1.406,6.8,1.7,5.9,9.3,1.57,,dominse01
347,Colin Holderman,29,PIT,NL,-0.5,0,1,.000,8.44,10,0,1,0,0,0,10.2,13,10,10,3,7,0,8,2,0,1,51,51,7.76,1.875,11.0,2.5,5.9,6.8,1.14,,holdeco01
348,Garrett McDaniels*,25,LAA,AL,-0.1,0,0,,5.91,10,0,4,0,0,0,10.2,13,8,7,2,8,0,6,1,0,2,50,72,6.92,1.969,11.0,1.7,6.8,5.1,0.75,,mcdanga01
349,Ryan Zeferjahn,27,LAA,AL,0.1,2,0,1.000,4.22,13,0,1,0,0,1,10.2,8,5,5,2,3,0,20,0,0,0,43,101,2.60,1.031,6.8,1.7,2.5,16.9,6.67,,zeferry01
350,Scott Alexander*,35,COL,NL,0.0,1,1,.500,5.23,12,0,2,0,0,0,10.1,10,6,6,2,5,0,4,1,0,0,42,91,6.56,1.452,8.7,1.7,4.4,3.5,0.80,,alexasc02
351,Ian Hamilton,30,NYY,AL,0.3,0,0,,1.74,8,0,0,0,0,0,10.1,3,2,2,0,6,0,14,0,0,1,38,235,2.10,0.871,2.6,0.0,5.2,12.2,2.33,,hamilia01
352,Eric Orze,27,TBR,AL,0.3,0,0,,0.87,8,0,4,0,0,1,10.1,11,2,1,0,4,0,6,1,0,0,44,469,3.36,1.452,9.6,0.0,3.5,5.2,1.50,,orzeer01
353,Félix Bautista,30,BAL,AL,0.4,0,0,,1.80,10,0,10,0,0,6,10.0,5,2,2,0,6,0,12,0,0,1,41,214,2.47,1.100,4.5,0.0,5.4,10.8,2.00,,bautife01
354,Logan Evans,24,SEA,AL,-0.3,1,1,.500,7.20,2,2,0,0,0,0,10.0,13,8,8,1,5,0,8,0,0,2,46,52,4.27,1.800,11.7,0.9,4.5,7.2,1.60,,evanslo01
355,Zack Kelly,30,BOS,AL,-0.7,1,1,.500,9.00,7,0,0,0,0,0,10.0,12,10,10,1,2,0,11,2,0,0,45,48,3.37,1.400,10.8,0.9,1.8,9.9,5.50,,kellyza01
356,Justin Martínez,23,ARI,NL,0.3,1,1,.500,2.70,12,0,6,0,0,3,10.0,5,4,3,1,6,0,11,2,0,1,42,159,4.57,1.100,4.5,0.9,5.4,9.9,1.83,,martiju01
357,Justin Wilson*,37,BOS,AL,0.0,1,0,1.000,3.60,13,0,1,0,0,0,10.0,10,4,4,0,4,1,8,0,0,0,41,119,2.67,1.400,9.0,0.0,3.6,7.2,2.00,,wilsoju10
358,Spencer Arrighetti,25,HOU,AL,0.0,1,1,.500,5.59,2,2,0,0,0,0,9.2,4,6,6,1,5,0,8,1,0,0,39,73,4.62,0.931,3.7,0.9,4.7,7.4,1.60,,arrigsp01
359,Tyler Gilbert*,31,CHW,AL,-0.1,1,1,.500,5.59,9,3,1,0,0,0,9.2,7,6,6,2,5,0,14,0,0,0,39,74,4.42,1.241,6.5,1.9,4.7,13.0,2.80,,gilbety01
360,Daniel Palencia,25,CHC,NL,0.3,0,0,,1.86,8,0,2,0,0,0,9.2,3,2,2,1,4,0,9,0,0,0,36,222,3.80,0.724,2.8,0.9,3.7,8.4,2.25,,palenda01
361,Ian Anderson,27,LAA,AL,-0.6,0,1,.000,11.57,7,0,4,0,0,0,9.1,17,13,12,2,7,1,8,0,0,2,51,37,6.39,2.571,16.4,1.9,6.8,7.7,1.14,,anderia01
362,Luarbert Árias,24,MIA,NL,-0.3,0,0,,10.61,6,0,4,0,0,0,9.1,15,11,11,1,5,0,9,2,0,1,50,43,4.79,2.143,14.5,1.0,4.8,8.7,1.80,,ariaslu01
363,Kenley Jansen,37,LAA,AL,-0.1,0,1,.000,5.79,10,0,8,0,0,7,9.1,11,6,6,3,2,0,9,0,0,0,40,74,5.96,1.393,10.6,2.9,1.9,8.7,4.50,,janseke01
364,Tim Mayza*,33,PIT,NL,0.1,0,0,,2.89,7,0,4,0,0,0,9.1,9,3,3,1,1,0,8,1,0,0,40,150,3.39,1.071,8.7,1.0,1.0,7.7,8.00,,mayzati01
365,Trevor Megill,31,MIL,NL,0.1,0,2,.000,3.86,12,0,10,0,0,3,9.1,8,4,4,1,6,1,13,0,0,0,42,111,3.61,1.500,7.7,1.0,5.8,12.5,2.17,,megiltr01
366,Marcus Stroman,34,NYY,AL,-0.6,0,1,.000,11.57,3,3,0,0,0,0,9.1,12,12,12,2,7,0,7,0,0,0,47,35,6.61,2.036,11.6,1.9,6.8,6.8,1.00,,stromma01
367,Jesús Tinoco,30,MIA,NL,0.1,1,0,1.000,4.82,10,0,4,0,0,2,9.1,9,5,5,1,4,0,6,0,0,0,40,95,4.46,1.393,8.7,1.0,3.9,5.8,1.50,,tinocje01
368,John Brebbia,35,DET,AL,0.2,1,0,1.000,1.00,8,0,6,0,0,0,9.0,3,2,1,0,5,0,9,3,0,0,38,407,3.74,0.889,3.0,0.0,5.0,9.0,1.80,,brebbjo01
369,Luis Contreras,29,HOU,AL,-0.4,0,0,,9.00,7,0,3,0,0,0,9.0,11,9,9,2,6,0,10,0,0,1,43,45,5.74,1.889,11.0,2.0,6.0,10.0,1.67,,contrlu01
370,José Leclerc,31,ATH,AL,0.1,0,1,.000,6.00,10,0,1,0,0,0,9.0,13,6,6,3,5,0,8,0,1,1,46,70,7.29,2.000,13.0,3.0,5.0,8.0,1.60,,leclejo01
371,T.J. McFarland*,36,ATH,AL,0.0,0,0,,6.00,15,0,3,0,0,0,9.0,13,6,6,0,2,0,4,1,0,0,41,70,3.18,1.667,13.0,0.0,2.0,4.0,2.00,,mcfartj01
372,Blake Snell*,32,LAD,NL,-0.3,1,0,1.000,2.00,2,2,0,0,0,0,9.0,10,7,2,0,8,0,4,0,0,2,46,203,4.85,2.000,10.0,0.0,8.0,4.0,0.50,,snellbl01
373,Caleb Boushley,31,TEX,AL,-0.1,0,0,,5.19,4,0,1,0,0,0,8.2,6,5,5,1,2,0,7,1,0,0,33,76,4.00,0.923,6.2,1.0,2.1,7.3,3.50,,boushca01
374,Beau Brieske,27,DET,AL,-0.4,0,1,.000,7.27,9,0,2,0,0,0,8.2,11,9,7,2,3,0,6,0,0,1,41,56,5.73,1.615,11.4,2.1,3.1,6.2,2.00,,briesbe01
375,Ryan Fernandez,27,STL,NL,-1.0,0,2,.000,11.42,11,0,4,0,0,0,8.2,15,13,11,2,5,1,7,0,0,0,45,38,6.19,2.308,15.6,2.1,5.2,7.3,1.40,,fernary01
376,Bryan Hudson*,28,MIL,NL,-0.1,0,1,.000,4.15,11,0,2,0,0,0,8.2,7,6,4,0,9,1,9,2,1,0,45,103,4.80,1.846,7.3,0.0,9.3,9.3,1.00,,hudsobr01
377,Landon Knack,27,LAD,NL,-0.3,1,0,1.000,7.27,3,2,0,0,0,0,8.2,9,7,7,1,6,0,7,0,0,1,41,56,5.03,1.731,9.3,1.0,6.2,7.3,1.17,,knackla01
378,Casey Legumina,28,SEA,AL,0.1,2,0,1.000,3.12,9,0,1,0,0,0,8.2,6,3,3,1,4,0,7,1,0,0,37,121,4.69,1.154,6.2,1.0,4.2,7.3,1.75,,legumca01
379,Nate Pearson,28,CHC,NL,-0.4,0,1,.000,10.38,8,0,1,0,0,0,8.2,13,10,10,2,7,1,5,1,0,1,47,40,7.69,2.308,13.5,2.1,7.3,5.2,0.71,,pearsna01
380,Colin Poche*,31,WSN,NL,-0.6,1,2,.333,11.42,13,0,0,0,0,0,8.2,10,12,11,1,12,0,10,0,0,1,46,37,6.42,2.538,10.4,1.0,12.5,10.4,0.83,,pocheco01
381,Brandon Young,26,BAL,AL,-0.1,0,1,.000,6.23,2,2,0,0,0,0,8.2,11,6,6,1,8,0,9,0,0,0,42,62,5.26,2.192,11.4,1.0,8.3,9.3,1.13,,youngbr01
382,Jacob Latz*,29,TEX,AL,0.0,0,0,,4.32,5,0,2,0,0,0,8.1,8,4,4,1,5,0,4,0,0,1,37,92,5.47,1.560,8.6,1.1,5.4,4.3,0.80,,latzja01
383,Luis Peralta*,24,COL,NL,-0.4,1,1,.500,7.56,9,0,1,0,0,0,8.1,10,9,7,1,8,0,5,1,1,1,44,63,6.67,2.160,10.8,1.1,8.6,5.4,0.63,,perallu01
384,Ethan Roberts,27,CHC,NL,-0.1,1,0,1.000,5.40,9,0,3,0,0,0,8.1,8,5,5,2,2,0,6,1,0,1,35,77,5.83,1.200,8.6,2.2,2.2,6.5,3.00,,roberet01
385,Danny Young*,31,NYM,NL,-0.1,0,0,,4.32,10,0,4,0,0,0,8.1,9,5,4,0,3,0,13,1,0,0,37,93,1.39,1.440,9.7,0.0,3.2,14.0,4.33,,youngda02
386,Jacob Barnes,35,TOR,AL,-0.4,0,1,.000,9.00,6,0,2,0,0,0,8.0,10,9,8,1,3,0,5,0,0,0,36,46,4.57,1.625,11.3,1.1,3.4,5.6,1.67,,barneja01
387,David Bednar,30,PIT,NL,-0.2,0,3,.000,5.63,10,0,8,0,0,3,8.0,10,6,5,1,3,1,10,0,0,2,36,78,3.32,1.625,11.3,1.1,3.4,11.3,3.33,,bednada01
388,Nestor Cortes*,30,MIL,NL,-0.3,1,1,.500,9.00,2,2,0,0,0,0,8.0,7,8,8,5,7,0,8,0,0,0,38,48,11.82,1.750,7.9,5.6,7.9,9.0,1.14,,cortene01
389,Steven Cruz,26,KCR,AL,0.3,0,0,,0.00,9,0,1,0,0,0,8.0,2,0,0,0,4,0,5,0,0,0,29,,3.32,0.750,2.3,0.0,4.5,5.6,1.25,,cruzst01
390,Gerson Garabito,29,TEX,AL,-0.6,0,0,,9.00,3,0,1,0,0,0,8.0,15,12,8,1,1,0,8,2,0,0,41,44,3.82,2.000,16.9,1.1,1.1,9.0,8.00,,garabge01
391,Gordon Graceffo,25,STL,NL,-0.2,1,0,1.000,7.88,2,0,1,0,0,0,8.0,10,8,7,1,1,0,7,0,0,2,36,56,3.32,1.375,11.3,1.1,1.1,7.9,7.00,,gracego01
392,Tom Harrington,23,PIT,NL,-0.4,0,1,.000,10.13,2,1,1,0,0,1,8.0,11,9,9,3,5,0,7,0,0,1,39,43,8.07,2.000,12.4,3.4,5.6,7.9,1.40,,harrito03
393,Cole Henry,25,WSN,NL,0.0,0,0,,5.63,7,0,4,0,0,0,8.0,8,5,5,1,4,1,10,3,0,0,39,76,4.82,1.500,9.0,1.1,4.5,11.3,2.50,,henryco01
394,Kenta Maeda,37,DET,AL,-0.2,0,0,,7.88,7,0,5,0,0,0,8.0,9,8,7,1,6,0,8,3,0,2,43,52,6.07,1.875,10.1,1.1,6.8,9.0,1.33,,maedake01
395,A.J. Puk*,30,ARI,NL,0.2,0,0,,3.38,8,0,5,0,0,4,8.0,8,3,3,2,2,0,12,1,0,1,35,128,4.45,1.250,9.0,2.3,2.3,13.5,6.00,,pukaj01
396,Nick Sandlin,28,TOR,AL,0.1,0,2,.000,2.25,10,0,4,0,0,1,8.0,6,5,2,0,4,0,10,2,0,1,37,185,2.82,1.250,6.8,0.0,4.5,11.3,2.50,,sandlni01
397,Blake Treinen,37,LAD,NL,0.1,0,2,.000,3.38,8,0,3,0,0,2,8.0,8,3,3,1,3,0,10,1,0,0,36,121,3.70,1.375,9.0,1.1,3.4,11.3,3.33,,treinbl01
398,Victor Vodnik,25,COL,NL,0.0,0,1,.000,4.50,9,0,6,0,0,1,8.0,7,5,4,2,6,0,8,0,0,0,35,106,6.57,1.625,7.9,2.3,6.8,9.0,1.33,,vodnivi01
399,Michael Darrell-Hicks,27,LAA,AL,-0.2,1,0,1.000,9.39,6,0,2,0,0,0,7.2,10,8,8,1,4,0,6,1,0,1,38,46,5.16,1.826,11.7,1.2,4.7,7.0,1.50,,darremi01
400,Kyle Gibson,37,BAL,AL,-0.5,0,1,.000,14.09,2,2,0,0,0,0,7.2,16,12,12,6,3,0,5,0,0,0,42,28,13.12,2.478,18.8,7.0,3.5,5.9,1.67,,gibsoky01
401,Kyle Nicolas,26,PIT,NL,-0.4,0,0,,10.57,7,0,0,0,0,0,7.2,10,9,9,2,8,0,6,0,0,0,42,42,8.03,2.348,11.7,2.3,9.4,7.0,0.75,,nicolky01
402,Orlando Ribalta,27,WSN,NL,0.0,0,0,,5.87,4,0,2,0,0,0,7.2,5,5,5,2,4,0,6,0,0,0,33,73,6.46,1.174,5.9,2.3,4.7,7.0,1.50,,ribalor01
403,Jared Shuster*,26,CHW,AL,-0.1,0,0,,5.87,6,0,3,0,0,0,7.2,9,6,5,0,2,1,7,1,0,1,37,71,2.42,1.435,10.6,0.0,2.3,8.2,3.50,,shustja01
404,Steven Wilson,30,CHW,AL,0.6,0,0,,0.00,7,0,0,0,0,0,7.2,1,0,0,0,3,0,8,0,0,0,26,,2.16,0.522,1.2,0.0,3.5,9.4,2.67,,wilsost02
405,Zach Agnos,24,COL,NL,0.6,0,0,,0.00,6,0,2,0,0,2,7.1,6,0,0,0,0,0,1,0,0,0,26,,2.80,0.818,7.4,0.0,0.0,1.2,,,agnosza01
406,Hogan Harris*,28,ATH,AL,0.3,0,0,,2.45,4,0,0,0,0,0,7.1,5,2,2,0,4,0,8,0,0,0,30,172,2.53,1.227,6.1,0.0,4.9,9.8,2.00,,harriho03
407,Bryce Jarvis,27,ARI,NL,-0.1,0,0,,7.36,6,0,3,0,0,0,7.1,7,6,6,1,3,0,9,1,0,0,32,59,4.03,1.364,8.6,1.2,3.7,11.0,3.00,,jarvibr01
408,Joe Mantiply*,34,ARI,NL,-0.7,0,1,.000,15.95,8,0,3,0,0,0,7.1,20,13,13,3,2,0,7,1,0,0,45,27,7.71,3.000,24.5,3.7,2.5,8.6,3.50,,mantijo01
409,Eli Morgan,29,CHC,NL,-0.5,0,1,.000,12.27,7,0,2,0,0,0,7.1,12,10,10,3,3,1,4,0,0,0,35,34,8.53,2.045,14.7,3.7,3.7,4.9,1.33,,morgael01
410,José Suarez*,27,ATL,NL,0.1,1,0,1.000,2.45,3,0,1,0,0,0,7.1,3,3,2,1,7,1,5,0,0,0,30,177,6.34,1.364,3.7,1.2,8.6,6.1,0.71,,suarejo01
411,Luis Castillo,30,SEA,AL,-0.3,0,0,,7.71,2,2,0,0,0,0,7.0,12,7,6,0,7,0,5,0,0,0,41,49,4.64,2.714,15.4,0.0,9.0,6.4,0.71,,castilu03
412,Joey Estes,23,ATH,AL,-0.5,0,2,.000,15.43,2,2,0,0,0,0,7.0,15,12,12,4,6,0,5,1,0,0,42,27,12.07,3.000,19.3,5.1,7.7,6.4,0.83,,estesjo01
413,Logan Gillaspie,28,SDP,NL,0.2,0,0,,2.57,3,0,0,0,0,0,7.0,7,2,2,1,4,0,4,1,2,0,31,168,5.93,1.571,9.0,1.3,5.1,5.1,1.00,,gillalo01
414,Grant Holman,25,ATH,AL,0.5,3,0,1.000,0.00,5,0,3,0,0,0,7.0,3,1,0,0,1,0,4,0,0,0,24,,2.36,0.571,3.9,0.0,1.3,5.1,4.00,,holmagr01
415,Sam Long*,29,KCR,AL,-0.9,0,2,.000,12.86,7,0,3,0,0,0,7.0,12,12,10,2,5,1,6,0,0,3,37,34,7.21,2.429,15.4,2.6,6.4,7.7,1.20,,longsa01
416,Jacob Lopez*,27,ATH,AL,0.0,0,1,.000,3.86,4,1,1,0,0,0,7.0,11,5,3,0,7,0,9,1,0,0,40,110,3.93,2.571,14.1,0.0,9.0,11.6,1.29,,lopezja04
417,Tobias Myers,26,MIL,NL,0.0,0,0,,5.14,3,2,0,0,0,0,7.0,6,4,4,1,7,0,6,1,1,0,34,84,6.64,1.857,7.7,1.3,9.0,7.7,0.86,,myersto01
418,Gregory Santos,25,SEA,AL,-0.3,1,1,.500,5.14,8,0,2,0,0,0,7.0,8,6,4,0,8,2,0,0,0,2,36,74,6.50,2.286,10.3,0.0,10.3,0.0,0.00,,santogr01
419,Bennett Sousa*,30,HOU,AL,0.3,1,0,1.000,0.00,7,0,4,0,0,0,7.0,5,0,0,0,2,0,8,0,0,0,27,,1.64,1.000,6.4,0.0,2.6,10.3,4.00,,sousabe01
420,Fraser Ellard*,27,CHW,AL,-0.2,0,2,.000,6.75,7,0,3,0,0,0,6.2,1,5,5,0,6,0,10,1,0,0,25,62,3.22,1.050,1.4,0.0,8.1,13.5,1.67,,ellarfr01
421,Matt Sauer,26,LAD,NL,0.1,1,0,1.000,2.70,2,0,1,0,0,0,6.2,8,2,2,0,0,0,4,0,0,0,25,153,1.87,1.200,10.8,0.0,0.0,5.4,,,sauerma01
422,Paxton Schultz,27,TOR,AL,0.1,0,0,,4.05,2,0,0,0,0,0,6.2,6,3,3,1,2,0,11,0,0,0,29,104,2.62,1.200,8.1,1.4,2.7,14.9,5.50,,schulpa01
423,Logan VanWey,26,HOU,AL,0.1,0,0,,1.35,6,0,1,0,0,0,6.2,11,2,1,1,1,0,2,1,0,0,31,306,5.32,1.800,14.9,1.4,1.4,2.7,2.00,,vanwelo01
424,Noah Cameron*,25,KCR,AL,0.4,1,0,1.000,0.00,1,1,0,0,0,0,6.1,1,0,0,0,5,0,3,0,0,0,25,,4.49,0.947,1.4,0.0,7.1,4.3,0.60,,camerno01
425,Elvis Peguero,28,MIL,NL,-0.2,0,0,,5.68,5,0,1,0,0,0,6.1,7,6,4,1,4,0,3,1,0,1,32,76,6.55,1.737,9.9,1.4,5.7,4.3,0.75,,pegueel01
426,Chris Roycroft,28,STL,NL,-0.4,0,2,.000,7.11,8,0,4,0,0,0,6.1,8,7,5,0,6,1,4,0,0,0,33,62,4.65,2.211,11.4,0.0,8.5,5.7,0.67,,roycrch01
427,Alexis Díaz,28,CIN,NL,-0.5,0,0,,12.00,6,0,2,0,0,0,6.0,8,8,8,4,5,0,3,2,0,0,33,38,14.24,2.167,12.0,6.0,7.5,4.5,0.60,,diazal03
428,Lucas Giolito,30,BOS,AL,0.0,0,0,,4.50,1,1,0,0,0,0,6.0,5,3,3,2,2,0,7,0,0,0,25,98,6.07,1.167,7.5,3.0,3.0,10.5,3.50,,giolilu01
429,Tony Gonsolin,31,LAD,NL,-0.1,1,0,1.000,4.50,1,1,0,0,0,0,6.0,6,3,3,1,0,0,9,0,0,0,24,92,2.24,1.000,9.0,1.5,0.0,13.5,,,gonsoto01
430,Logan Henderson,23,MIL,NL,0.2,1,0,1.000,1.50,1,1,0,0,0,0,6.0,3,1,1,1,1,0,9,0,0,0,21,291,2.74,0.667,4.5,1.5,1.5,13.5,9.00,,hendelo01
431,Liam Hendriks,36,BOS,AL,0.1,0,0,,3.00,6,0,4,0,0,0,6.0,5,2,2,1,4,0,6,0,0,0,24,146,5.24,1.500,7.5,1.5,6.0,9.0,1.50,,hendrli01
432,Gunnar Hoglund,25,ATH,AL,0.4,1,0,1.000,1.50,1,1,0,0,0,0,6.0,6,1,1,1,0,0,7,0,0,0,22,285,2.91,1.000,9.0,1.5,0.0,10.5,,,hoglugu01
433,Mike Clevinger,34,CHW,AL,-0.2,0,2,.000,7.94,8,0,3,0,0,0,5.2,5,5,5,0,8,0,3,0,0,1,31,53,6.25,2.294,7.9,0.0,12.7,4.8,0.38,,clevimi01
434,Michael McGreevy,24,STL,NL,0.9,1,0,1.000,0.00,1,0,1,0,0,0,5.2,1,0,0,0,1,0,5,1,0,0,20,,2.37,0.353,1.6,0.0,1.6,7.9,5.00,,mcgremi01
435,Triston McKenzie,27,CLE,AL,-0.2,0,0,,11.12,4,0,3,0,0,0,5.2,7,7,7,1,7,0,4,0,0,3,30,38,7.66,2.471,11.1,1.6,11.1,6.4,0.57,,mckentr01
436,Juan Morillo,26,ARI,NL,0.0,0,0,,1.59,6,0,1,0,0,0,5.2,4,3,1,1,2,0,7,0,0,0,22,278,3.95,1.059,6.4,1.6,3.2,11.1,3.50,,morilju02
437,Matt Svanson,26,STL,NL,0.1,0,0,,3.18,4,0,1,0,0,0,5.2,3,2,2,0,3,0,4,0,0,0,23,140,3.25,1.059,4.8,0.0,4.8,6.4,1.33,,svansma01
438,Craig Yoho,25,MIL,NL,-0.2,0,0,,9.53,5,0,1,0,0,0,5.2,7,6,6,1,6,0,4,1,0,0,28,46,7.66,2.294,11.1,1.6,9.5,6.4,0.67,,yohocr01
439,Randy Dobnak,30,MIN,AL,0.1,0,0,,1.69,1,0,1,0,0,0,5.1,2,1,1,1,2,0,1,0,0,0,19,260,6.26,0.750,3.4,1.7,3.4,1.7,0.50,,dobnara01
440,Hunter Harvey,30,KCR,AL,0.3,0,0,,0.00,6,0,1,0,0,0,5.1,1,0,0,0,0,0,7,0,0,0,17,,0.45,0.188,1.7,0.0,0.0,11.8,,,harvehu01
441,Brent Headrick*,27,NYY,AL,0.2,0,0,,0.00,4,0,1,0,0,0,5.1,1,0,0,0,2,0,9,0,0,0,19,,0.82,0.563,1.7,0.0,3.4,15.2,4.50,,headrbr01
442,Stephen Kolek,28,SDP,NL,0.3,1,0,1.000,0.00,1,1,0,0,0,0,5.1,4,0,0,0,2,0,4,0,0,0,20,,2.70,1.125,6.8,0.0,3.4,6.8,2.00,,kolekst01
443,Darren McCaughan,29,MIN,AL,0.1,0,0,,1.69,3,0,1,0,0,0,5.1,5,1,1,0,1,0,6,0,0,0,23,260,1.38,1.125,8.4,0.0,1.7,10.1,6.00,,mccauda01
444,Brock Stewart,33,MIN,AL,-0.2,0,0,,6.75,7,0,0,0,0,0,5.1,4,4,4,1,3,0,8,2,0,1,25,65,5.32,1.313,6.8,1.7,5.1,13.5,2.67,,stewabr01
445,Connor Thomas*,27,MIL,NL,-0.5,0,0,,20.25,2,0,0,0,0,0,5.1,12,12,12,3,2,0,5,1,0,0,31,22,10.20,2.625,20.3,5.1,3.4,8.4,2.50,,thomaco02
446,Joe Boyle,25,TBR,AL,0.1,1,0,1.000,0.00,1,1,0,0,0,0,5.0,0,2,0,0,2,0,7,1,0,0,18,,2.07,0.400,0.0,0.0,3.6,12.6,3.50,,boylejo01
447,Kevin Kelly,27,TBR,AL,0.0,0,0,,3.60,5,0,2,0,0,0,5.0,2,2,2,1,2,0,2,0,0,1,19,118,6.07,0.800,3.6,1.8,3.6,3.6,1.00,,kellyke02
448,Reynaldo López,31,ATL,NL,0.0,0,0,,5.40,1,1,0,0,0,0,5.0,9,3,3,1,2,0,1,0,0,0,25,82,6.47,2.200,16.2,1.8,3.6,1.8,0.50,,lopezre01
449,Michael Soroka,27,WSN,NL,-0.1,0,1,.000,7.20,1,1,0,0,0,0,5.0,5,4,4,1,1,0,3,0,0,0,21,61,5.07,1.200,9.0,1.8,1.8,5.4,3.00,,sorokmi01
450,Spencer Strider,26,ATL,NL,0.1,0,1,.000,3.60,1,1,0,0,0,0,5.0,5,2,2,1,1,0,5,1,0,0,21,124,4.87,1.200,9.0,1.8,1.8,9.0,5.00,,stridsp01
451,Dillon Tate,31,TOR,AL,0.0,0,0,,5.40,4,0,1,0,0,0,5.0,7,3,3,1,6,0,6,1,0,0,29,79,7.47,2.600,12.6,1.8,10.8,10.8,1.00,,tatedi01
452,Josh Walker*,30,TOR,AL,-0.1,0,0,,7.20,3,0,1,0,0,0,5.0,8,4,4,0,2,0,8,1,0,0,25,59,1.67,2.000,14.4,0.0,3.6,14.4,4.00,,walkejo03
453,Justin Wrobleski*,24,LAD,NL,-0.3,0,1,.000,14.40,1,1,0,0,0,0,5.0,8,8,8,2,3,0,4,0,0,0,26,29,8.47,2.200,14.4,3.6,5.4,7.2,1.33,,wroblju01
454,Marc Church,24,TEX,AL,0.0,0,0,,3.86,5,0,0,0,0,0,4.2,4,2,2,0,6,0,5,0,0,0,23,107,4.79,2.143,7.7,0.0,11.6,9.6,0.83,,churcma01
455,Roddery Muñoz,25,STL,NL,-0.1,0,0,,7.71,4,0,2,0,0,0,4.2,5,4,4,1,2,0,6,0,0,0,21,59,4.57,1.500,9.6,1.9,3.9,11.6,3.00,,munozro01
456,Evan Phillips,30,LAD,NL,0.3,0,0,,0.00,6,0,1,0,0,1,4.2,2,0,0,0,2,0,6,0,0,0,17,,1.79,0.857,3.9,0.0,3.9,11.6,3.00,,phillev01
457,Cooper Criswell,28,BOS,AL,-0.3,0,0,,10.38,3,0,2,0,0,1,4.1,10,8,5,1,1,0,0,0,0,0,27,43,6.76,2.538,20.8,2.1,2.1,0.0,0.00,,criswco01
458,Ben Joyce,24,LAA,AL,-0.3,1,0,1.000,6.23,5,0,0,0,0,0,4.1,5,4,3,1,1,0,1,0,0,2,20,72,6.30,1.385,10.4,2.1,2.1,2.1,1.00,,joycebe01
459,Chase Lee,26,DET,AL,0.2,0,0,,0.00,5,0,1,0,0,0,4.1,2,0,0,0,3,0,4,1,0,0,18,,4.00,1.154,4.2,0.0,6.2,8.3,1.33,,leech02
460,Drew Pomeranz*,36,CHC,NL,0.2,0,0,,0.00,4,0,2,0,0,0,4.1,0,0,0,0,2,0,4,1,0,0,15,,3.30,0.462,0.0,0.0,4.2,8.3,2.00,,pomerdr01
461,Brandon Waddell*,31,NYM,NL,0.3,0,0,,0.00,1,0,0,0,0,0,4.1,3,0,0,0,0,0,4,0,0,0,16,,1.23,0.692,6.2,0.0,0.0,8.3,,,waddebr01
462,Jake Bauers*,29,MIL,NL,0.1,0,0,,0.00,4,0,4,0,0,0,4.0,4,0,0,0,1,0,0,2,0,0,19,,5.32,1.250,9.0,0.0,2.3,0.0,0.00,,bauerja01
463,AJ Blubaugh,24,HOU,AL,-0.3,0,1,.000,4.50,1,1,0,0,0,0,4.0,5,7,2,2,1,0,6,0,0,0,19,95,7.32,1.500,11.3,4.5,2.3,13.5,6.00,,blubaaj01
464,Kody Funderburk*,28,MIN,AL,0.0,0,0,,4.50,2,0,1,0,0,0,4.0,3,2,2,1,1,0,5,1,0,0,17,100,5.32,1.000,6.8,2.3,2.3,11.3,5.00,,fundeko01
465,Luis Guerrero,24,BOS,AL,0.2,0,0,,0.00,3,0,2,0,0,0,4.0,1,0,0,0,0,0,3,0,0,0,13,,1.57,0.250,2.3,0.0,0.0,6.8,,,guerrlu01
466,Jesse Hahn,35,SEA,AL,0.3,0,1,.000,0.00,2,0,2,0,0,0,4.0,3,1,0,0,4,3,3,0,1,0,17,,4.57,1.750,6.8,0.0,9.0,6.8,0.75,,hahnje01
467,Eric Lauer*,30,TOR,AL,0.0,0,0,,4.50,1,0,0,0,0,0,4.0,3,2,2,0,2,0,4,1,0,0,17,97,3.32,1.250,6.8,0.0,4.5,9.0,2.00,,lauerer01
468,Juan Mejia,24,COL,NL,0.1,0,0,,0.00,4,0,4,0,0,0,4.0,2,1,0,0,0,0,5,0,0,0,14,,0.57,0.500,4.5,0.0,0.0,11.3,,,mejiaju01
469,Lyon Richardson,25,CIN,NL,0.1,0,0,,2.25,2,0,1,0,0,0,4.0,1,1,1,0,1,0,2,0,0,0,14,210,2.82,0.500,2.3,0.0,2.3,4.5,2.00,,richaly01
470,Javier Sanoja,22,MIA,NL,-0.2,0,0,,13.50,3,0,3,0,0,0,4.0,10,6,6,2,2,0,0,0,0,0,23,36,11.07,3.000,22.5,4.5,4.5,0.0,0.00,,sanojja01
471,Jason Alexander,32,ATH,AL,-0.1,0,0,,7.36,3,0,3,0,0,0,3.2,5,4,3,0,1,0,4,0,0,0,17,60,1.71,1.636,12.3,0.0,2.5,9.8,4.00,,alexaja01
472,Omar Cruz*,26,SDP,NL,0.0,0,0,,4.91,2,0,1,0,0,0,3.2,4,2,2,0,3,0,5,0,0,0,18,92,2.80,1.909,9.8,0.0,7.4,12.3,1.67,,cruzom01
473,Sean Guenther*,29,DET,AL,0.2,0,0,,0.00,3,0,0,0,0,0,3.2,3,0,0,0,0,0,4,0,0,0,12,,0.89,0.818,7.4,0.0,0.0,9.8,,,guentse01
474,Lance McCullers Jr.,31,HOU,AL,0.2,0,0,,0.00,1,1,0,0,0,0,3.2,3,0,0,0,3,0,4,1,0,0,18,,4.16,1.636,7.4,0.0,7.4,9.8,1.33,,mcculla02
475,Patrick Monteverde*,27,MIA,NL,-0.1,0,0,,9.82,1,0,0,0,0,0,3.2,9,4,4,0,1,0,4,0,0,0,20,49,1.71,2.727,22.1,0.0,2.5,9.8,4.00,,montepa01
476,Tayler Saucedo*,32,SEA,AL,-0.2,0,0,,9.82,4,0,1,0,0,0,3.2,8,4,4,1,3,0,3,0,0,0,22,41,7.44,3.000,19.6,2.5,7.4,7.4,1.00,,sauceta01
477,Ranger Suárez*,29,PHI,NL,-0.3,0,0,,17.18,1,1,0,0,0,0,3.2,7,7,7,0,2,0,6,0,0,0,20,27,1.44,2.455,17.2,0.0,4.9,14.7,3.00,,suarera01
478,Zach Thompson,31,ATL,NL,0.1,0,0,,0.00,2,0,0,0,0,0,3.2,0,0,0,0,1,0,3,0,0,1,12,,2.25,0.273,0.0,0.0,2.5,7.4,3.00,,thompza01
479,Blade Tidwell,24,NYM,NL,-0.3,0,1,.000,14.73,1,1,0,0,0,0,3.2,9,6,6,1,3,0,2,1,0,0,23,29,8.80,3.273,22.1,2.5,7.4,4.9,0.67,,tidwebl01
480,Justin Hagenman,28,NYM,NL,0.1,0,0,,2.70,1,0,0,0,0,0,3.1,3,1,1,0,0,0,4,0,0,0,13,160,0.67,0.900,8.1,0.0,0.0,10.8,,,hagenju01
481,Tyler Matzek*,34,NYY,AL,0.0,0,0,,5.40,3,0,2,0,0,0,3.1,7,2,2,0,4,0,3,0,0,0,21,81,4.87,3.300,18.9,0.0,10.8,8.1,0.75,,matzety01
482,Kaleb Ort,33,HOU,AL,0.0,0,0,,5.40,4,0,2,0,0,0,3.1,1,2,2,1,1,0,3,0,0,1,13,81,6.07,0.600,2.7,2.7,2.7,8.1,3.00,,ortka01
483,Angel Perdomo*,31,ATH,AL,0.0,0,0,,5.40,4,0,0,0,0,0,3.1,2,2,2,0,3,0,2,1,0,0,16,83,5.47,1.500,5.4,0.0,8.1,5.4,0.67,,perdoan01
484,Jesse Chavez,41,ATL,NL,0.0,0,0,,6.00,2,0,0,0,0,0,3.0,4,2,2,1,3,0,3,0,0,0,16,78,8.41,2.333,12.0,3.0,9.0,9.0,1.00,,chaveje01
485,Aaron Civale,30,MIL,NL,-0.2,0,1,.000,15.00,1,1,0,0,0,0,3.0,4,5,5,3,1,1,2,0,0,0,14,31,15.74,1.667,12.0,9.0,3.0,6.0,2.00,,civalaa01
486,Xzavion Curry,26,MIA,NL,-0.3,0,1,.000,6.00,3,0,1,0,0,0,3.0,4,4,2,0,3,0,1,0,0,0,16,82,5.41,2.333,12.0,0.0,9.0,3.0,0.33,,curryxz01
487,Caden Dana,21,LAA,AL,0.0,0,0,,6.00,1,0,1,0,0,0,3.0,4,2,2,1,1,0,2,0,0,0,14,77,7.07,1.667,12.0,3.0,3.0,6.0,2.00,,danaca01
488,Yilber Díaz,24,ARI,NL,-0.1,0,0,,9.00,1,0,1,0,0,0,3.0,4,3,3,0,3,0,1,0,0,1,15,52,5.41,2.333,12.0,0.0,9.0,3.0,0.33,,diazyi01
489,Dane Dunning,30,TEX,AL,0.0,0,0,,6.00,1,0,1,0,0,1,3.0,4,2,2,1,2,0,3,0,0,1,14,72,7.41,2.000,12.0,3.0,6.0,9.0,1.50,,dunnida01
490,Carl Edwards Jr.,33,LAA,AL,-0.1,0,0,,9.00,2,0,1,0,0,0,3.0,4,3,3,1,1,0,2,0,0,0,13,52,7.07,1.667,12.0,3.0,3.0,6.0,2.00,,edwarca01
491,José Fermín,23,LAA,AL,-0.2,0,0,,15.00,4,0,0,0,0,0,3.0,6,5,5,2,3,0,6,1,0,0,19,31,11.74,3.000,18.0,6.0,9.0,18.0,2.00,,fermijo02
492,Chris Flexen,30,CHC,NL,0.1,0,0,,0.00,1,0,1,0,0,1,3.0,1,0,0,0,2,0,4,0,0,1,12,,2.41,1.000,3.0,0.0,6.0,12.0,2.00,,flexech01
493,Drey Jameson,27,ARI,NL,0.1,0,1,.000,3.00,3,0,2,0,0,1,3.0,4,2,1,0,3,0,0,0,0,1,13,155,6.07,2.333,12.0,0.0,9.0,0.0,0.00,,jamesdr01
494,Zak Kent,27,CLE,AL,0.1,0,0,,3.00,1,0,1,0,0,0,3.0,3,1,1,0,2,0,4,0,0,1,14,148,2.41,1.667,9.0,0.0,6.0,12.0,2.00,,kentza01
495,Víctor Mederos,24,LAA,AL,0.0,0,0,,6.00,1,0,1,0,0,0,3.0,2,2,2,0,3,0,2,0,0,1,13,77,4.74,1.667,6.0,0.0,9.0,6.0,0.67,,medervi01
496,Bobby Miller,26,LAD,NL,-0.3,0,0,,18.00,1,1,0,0,0,0,3.0,8,6,6,2,1,0,7,0,0,0,18,24,8.07,3.000,24.0,6.0,3.0,21.0,7.00,,millebo06
497,Doug Nikhazy*,25,CLE,AL,-0.3,0,1,.000,18.00,1,1,0,0,0,0,3.0,5,6,6,0,6,0,3,0,0,1,20,25,7.07,3.667,15.0,0.0,18.0,9.0,0.50,,nikhado01
498,Max Scherzer,40,TOR,AL,0.0,0,0,,6.00,1,1,0,0,0,0,3.0,3,2,2,2,0,0,1,0,0,0,11,75,11.07,1.000,9.0,6.0,0.0,3.0,,,scherma01
499,Troy Taylor,23,SEA,AL,-0.1,0,0,,12.00,4,0,2,0,0,0,3.0,6,4,4,1,0,0,2,0,0,0,14,34,6.07,2.000,18.0,3.0,0.0,6.0,,,taylotr01
500,José Ureña,33,NYM,NL,-0.1,0,0,,15.00,1,0,1,0,0,1,3.0,7,5,5,2,1,0,3,0,0,0,17,29,10.74,2.667,21.0,6.0,3.0,9.0,3.00,,urenajo01
501,Randy Wynne,32,CIN,NL,0.0,0,0,,3.00,1,0,1,0,0,1,3.0,3,1,1,1,1,0,3,0,0,0,13,162,6.41,1.333,9.0,3.0,3.0,9.0,3.00,,wynnera01
502,Noah Davis,28,LAD,NL,-0.2,0,1,.000,10.13,3,0,2,0,0,0,2.2,3,4,3,1,2,0,3,1,0,0,13,44,9.07,1.875,10.1,3.4,6.8,10.1,1.50,,davisno01
503,Michael Fulmer,32,BOS,AL,-0.1,0,0,,10.13,1,0,0,0,0,0,2.2,4,3,3,1,2,0,2,0,0,0,13,47,8.70,2.250,13.5,3.4,6.8,6.8,1.00,,fulmemi01
504,Jaden Hill,25,COL,NL,0.0,0,0,,3.38,3,0,1,0,0,0,2.2,3,1,1,0,2,0,5,0,0,0,13,153,1.57,1.875,10.1,0.0,6.8,16.9,2.50,,hillja01
505,Riley O'Brien,30,STL,NL,-0.1,0,0,,10.13,3,0,0,0,0,0,2.2,3,3,3,1,2,0,2,1,0,1,13,47,9.82,1.875,10.1,3.4,6.8,6.8,1.00,,obrieri01
506,Cody Poteet,30,BAL,AL,-0.2,0,0,,16.88,1,0,0,0,0,0,2.2,6,5,5,0,2,0,1,0,0,0,16,25,4.57,3.000,20.3,0.0,6.8,3.4,0.50,,poteeco01
507,Albert Suárez,35,BAL,AL,-0.1,0,0,,3.38,1,0,0,0,0,0,2.2,5,2,1,0,0,0,2,0,0,2,11,127,1.57,1.875,16.9,0.0,0.0,6.8,,,suareal01
508,Génesis Cabrera*,28,NYM,NL,0.0,0,0,,3.86,2,0,0,0,0,0,2.1,3,1,1,0,1,0,0,0,0,0,11,117,4.36,1.714,11.6,0.0,3.9,0.0,0.00,,cabrege01
509,José Castillo*,29,ARI,NL,-0.1,0,1,.000,7.71,2,0,0,0,0,0,2.1,3,2,2,2,0,0,0,0,0,0,10,62,14.21,1.286,11.6,7.7,0.0,0.0,,,castijo03
510,Jake Eder*,26,LAA,AL,0.0,0,0,,7.71,3,0,3,0,0,0,2.1,2,2,2,1,1,0,1,0,0,1,9,62,9.07,1.286,7.7,3.9,3.9,3.9,1.00,,ederja01
511,Cade Gibson*,27,MIA,NL,0.1,0,0,,0.00,1,0,0,0,0,0,2.1,1,0,0,0,0,0,2,0,0,0,8,,1.36,0.429,3.9,0.0,0.0,7.7,,,gibsoca01
512,Kevin Ginkel,31,ARI,NL,-0.1,0,0,,7.71,3,0,0,0,0,0,2.1,3,2,2,1,3,0,5,0,0,1,13,62,8.21,2.571,11.6,3.9,11.6,19.3,1.67,,ginkeke01
513,Chase Petty,22,CIN,NL,-0.4,0,1,.000,34.71,1,1,0,0,0,0,2.1,7,9,9,2,2,0,3,0,0,0,16,14,14.21,3.857,27.0,7.7,7.7,11.6,1.50,,pettych02
514,Evan Sisk*,28,KCR,AL,0.1,0,0,,0.00,2,0,1,0,0,0,2.1,2,0,0,0,2,0,5,0,1,0,11,,1.36,1.714,7.7,0.0,7.7,19.3,2.50,,siskev01
515,Yosver Zulueta,27,CIN,NL,0.0,0,0,,3.86,2,0,1,0,0,0,2.1,0,1,1,0,1,0,1,0,0,0,8,130,3.50,0.429,0.0,0.0,3.9,3.9,1.00,,zulueyo01
516,Tucker Barnhart,34,TEX,AL,-0.1,0,0,,13.50,1,0,1,0,0,0,2.0,5,3,3,0,0,0,0,1,0,0,11,34,4.57,2.500,22.5,0.0,0.0,0.0,,,barnhtu01
517,Ryan Bergert,25,SDP,NL,0.1,0,0,,0.00,2,0,1,0,0,0,2.0,1,0,0,0,0,0,1,1,0,0,8,,3.57,0.500,4.5,0.0,0.0,4.5,,,bergery01
518,Cody Bolton,27,CLE,AL,-0.1,0,0,,13.50,1,0,0,0,0,0,2.0,4,3,3,0,0,0,1,0,0,0,10,35,2.07,2.000,18.0,0.0,0.0,4.5,,,boltoco01
519,Jonathan Bowlan,28,KCR,AL,0.1,0,0,,0.00,1,0,1,0,0,0,2.0,0,0,0,0,0,0,1,0,0,0,6,,2.07,0.000,0.0,0.0,0.0,4.5,,,bowlajo01
520,Taylor Clarke,32,KCR,AL,0.1,0,0,,0.00,2,0,2,0,0,0,2.0,1,0,0,0,0,0,2,0,0,1,7,,1.07,0.500,4.5,0.0,0.0,9.0,,,clarkta01
521,Tom Cosgrove*,29,CHC,NL,0.1,0,0,,0.00,1,0,1,0,0,0,2.0,1,0,0,0,1,0,2,0,0,0,8,,2.57,1.000,4.5,0.0,4.5,9.0,2.00,,cosgrto01
522,Yerry De Los Santos,27,NYY,AL,0.1,0,0,,0.00,1,0,0,0,0,0,2.0,3,0,0,0,0,0,1,0,0,0,9,,2.07,1.500,13.5,0.0,0.0,4.5,,,delosye01
523,Chris Devenski,34,NYM,NL,-0.1,0,0,,9.00,1,0,1,0,0,0,2.0,2,2,2,0,1,0,2,0,0,0,9,51,2.57,1.500,9.0,0.0,4.5,9.0,2.00,,devench02
524,J.P. Feyereisen,32,ARI,NL,-0.2,0,1,.000,9.00,2,0,2,0,0,0,2.0,3,3,2,1,0,0,2,0,0,0,9,55,7.57,1.500,13.5,4.5,0.0,9.0,,,feyerjo01
525,Kevin Herget,34,NYM,NL,0.0,0,0,,4.50,1,0,1,0,0,0,2.0,3,2,1,0,0,0,1,0,0,1,10,103,2.07,1.500,13.5,0.0,0.0,4.5,,,hergeke01
526,Gavin Hollowell,27,CHC,NL,0.1,0,0,,0.00,1,0,0,0,0,0,2.0,0,0,0,0,0,0,2,0,0,0,6,,1.07,0.000,0.0,0.0,0.0,9.0,,,holloga01
527,Scott McGough,35,ARI,NL,0.1,0,0,,0.00,1,0,1,0,0,0,2.0,1,0,0,0,1,0,0,0,0,0,8,,4.57,1.000,4.5,0.0,4.5,0.0,0.00,,mcgousc01
528,Luis Mey,24,CIN,NL,0.0,0,0,,4.50,2,0,2,0,0,0,2.0,2,1,1,0,1,0,4,0,0,0,9,114,0.57,1.500,9.0,0.0,4.5,18.0,4.00,,meylu01
529,Sam Moll*,33,CIN,NL,-0.2,0,0,,18.00,3,0,1,0,0,0,2.0,3,4,4,1,3,0,1,0,0,2,12,28,13.07,3.000,13.5,4.5,13.5,4.5,0.33,,mollsa01
530,Tyler Owens,24,DET,AL,0.1,0,0,,0.00,2,0,2,0,0,0,2.0,1,0,0,0,0,0,1,0,0,0,7,,2.07,0.500,4.5,0.0,0.0,4.5,,,owensty01
531,Jhonny Pereda,29,ATH,AL,-0.1,0,0,,18.00,2,0,2,0,0,0,2.0,5,4,4,1,1,0,2,0,0,0,12,27,9.07,3.000,22.5,4.5,4.5,9.0,2.00,,peredjh01
532,Michael Petersen,31,ATL,NL,0.1,0,0,,0.00,1,0,1,0,0,0,2.0,0,0,0,0,0,0,1,0,0,0,6,,2.07,0.000,0.0,0.0,0.0,4.5,,,petermi01
533,Miguel Rojas,36,LAD,NL,-0.1,0,0,,22.50,1,0,1,0,0,0,2.0,7,5,5,1,0,0,0,1,0,0,14,21,11.07,3.500,31.5,4.5,0.0,0.0,,,rojasmi02
534,Colin Selby,27,BAL,AL,0.0,0,0,,9.00,2,0,2,0,0,0,2.0,3,2,2,1,0,0,4,0,0,0,9,50,5.57,1.500,13.5,4.5,0.0,18.0,,,selbyco01
535,Robert Stock,35,BOS,AL,0.0,0,0,,4.50,1,0,1,0,0,0,2.0,3,1,1,0,1,0,0,0,0,0,9,109,4.57,2.000,13.5,0.0,4.5,0.0,0.00,,stockro01
536,Touki Toussaint,29,LAA,AL,0.0,0,0,,9.00,1,0,1,0,0,0,2.0,4,2,2,0,1,0,3,0,0,0,11,54,1.57,2.500,18.0,0.0,4.5,13.5,3.00,,toussto01
537,Forrest Whitley,27,HOU,AL,0.1,0,0,,0.00,1,0,1,0,0,0,2.0,0,0,0,0,0,0,2,0,0,0,7,,1.07,0.000,0.0,0.0,0.0,9.0,,,whitlfo01
538,Jordan Wicks*,25,CHC,NL,-0.4,0,1,.000,13.50,2,0,1,0,0,0,2.0,6,5,3,0,0,0,2,0,0,0,12,35,1.07,3.000,27.0,0.0,0.0,9.0,,,wicksjo01
539,Will Wilson,26,CLE,AL,-0.1,0,0,,9.00,1,0,1,0,0,0,2.0,2,2,2,1,0,0,0,0,0,0,8,52,9.57,1.000,9.0,4.5,0.0,0.0,,,wilsowi03
540,Sauryn Lao,25,SEA,AL,0.0,0,0,,0.00,1,0,1,0,0,0,1.2,3,1,0,0,0,0,3,0,0,0,8,,-0.53,1.800,16.2,0.0,0.0,16.2,,,laosa01
541,Richard Lovelady*,29,TOR,AL,-0.2,0,1,.000,21.60,2,0,0,0,0,0,1.2,2,4,4,0,2,0,3,3,0,0,12,23,8.47,2.400,10.8,0.0,10.8,16.2,1.50,,lovelri01
542,Adam Ottavino,39,NYY,AL,0.1,0,0,,0.00,3,0,0,0,0,0,1.2,0,0,0,0,4,0,3,0,0,0,9,,6.67,2.400,0.0,0.0,21.6,16.2,0.75,,ottavad01
543,Hunter Stratton,28,PIT,NL,-0.2,0,0,,21.60,2,0,1,0,0,0,1.2,6,4,4,1,1,0,0,0,0,0,12,24,12.67,4.200,32.4,5.4,5.4,0.0,0.00,,strathu01
544,Jhonathan Díaz*,28,SEA,AL,0.0,0,0,,0.00,1,0,1,0,0,0,1.1,1,0,0,0,0,0,1,0,0,0,5,,1.57,0.750,6.8,0.0,0.0,6.8,,,diazjh01
545,Matt Festa,32,CLE,AL,0.1,0,0,,0.00,1,0,0,0,0,0,1.1,1,0,0,0,0,0,1,0,0,0,5,,1.57,0.750,6.8,0.0,0.0,6.8,,,festama01
546,Bailey Horn*,27,DET,AL,0.1,0,0,,0.00,1,0,0,0,0,0,1.1,1,0,0,0,0,0,2,0,0,0,5,,0.07,0.750,6.8,0.0,0.0,13.5,,,hornba01
547,Grant Wolfram*,28,BAL,AL,-0.1,0,0,,13.50,2,0,0,0,0,0,1.1,3,2,2,0,2,0,1,0,0,0,9,36,6.07,3.750,20.3,0.0,13.5,6.8,0.50,,wolfrgr01
548,Matt Brash,27,SEA,AL,0.1,0,0,,0.00,1,0,0,0,0,0,1.0,1,0,0,0,0,0,1,0,0,0,3,,1.07,1.000,9.0,0.0,0.0,9.0,,,brashma01
549,Ryan Brasier,37,CHC,NL,0.0,0,0,,9.00,1,0,1,0,0,0,1.0,2,1,1,0,1,0,1,0,0,0,6,61,4.07,3.000,18.0,0.0,9.0,9.0,1.00,,brasiry01
550,Willi Castro,28,MIN,AL,0.0,0,0,,0.00,1,0,1,0,0,0,1.0,1,0,0,0,0,0,0,0,0,0,4,,3.07,1.000,9.0,0.0,0.0,0.0,,,castrwi01
551,Davis Daniel,28,ATL,NL,0.0,0,0,,0.00,1,0,1,0,0,0,1.0,0,0,0,0,0,0,1,1,0,0,4,,4.07,0.000,0.0,0.0,0.0,9.0,,,danieda01
552,Ezequiel Durán,26,TEX,AL,0.0,0,0,,0.00,1,0,1,0,0,0,1.0,0,0,0,0,0,0,0,0,0,0,3,,3.07,0.000,0.0,0.0,0.0,0.0,,,duranez01
553,Austin Hedges,32,CLE,AL,0.0,0,0,,9.00,1,0,1,0,0,0,1.0,2,1,1,0,1,0,1,0,0,0,6,61,4.07,3.000,18.0,0.0,9.0,9.0,1.00,,hedgeau01
554,Kiké Hernández,33,LAD,NL,0.0,0,0,,0.00,1,0,1,0,0,0,1.0,2,0,0,0,0,0,0,0,0,0,5,,3.07,2.000,18.0,0.0,0.0,0.0,,,hernaen02
555,Christian Koss,27,SFG,NL,0.0,0,0,,0.00,1,0,1,0,0,0,1.0,1,0,0,0,0,0,0,0,0,0,4,,3.07,1.000,9.0,0.0,0.0,0.0,,,kossch01
556,Jorge Mateo,30,BAL,AL,-0.2,0,0,,45.00,1,0,0,0,0,0,1.0,5,5,5,1,2,0,0,1,0,0,11,12,25.07,7.000,45.0,9.0,18.0,0.0,0.00,,mateojo01
557,Héctor Neris,36,ATL,NL,-0.4,0,1,.000,45.00,2,0,1,0,0,0,1.0,5,5,5,1,1,0,1,0,0,0,8,13,17.07,6.000,45.0,9.0,9.0,9.0,1.00,,nerishe01
558,Tanner Rainey,32,PIT,NL,0.0,0,0,,0.00,1,0,0,0,0,0,1.0,0,0,0,0,0,0,2,0,0,0,3,,-0.93,0.000,0.0,0.0,0.0,18.0,,,raineta01
559,Amed Rosario,29,WSN,NL,-0.1,0,0,,36.00,1,0,1,0,0,0,1.0,5,4,4,1,2,0,0,0,0,0,10,16,22.07,7.000,45.0,9.0,18.0,0.0,0.00,,rosaram01
560,Gary Sánchez,32,BAL,AL,-0.1,0,0,,36.00,1,0,1,0,0,0,1.0,2,4,4,1,1,0,0,1,0,0,7,15,22.07,3.000,18.0,9.0,9.0,0.0,0.00,,sanchga02
561,Cole Sulser,35,TBR,AL,-0.3,0,1,.000,18.00,1,0,1,0,0,0,1.0,4,2,2,1,1,0,0,0,0,0,7,30,19.07,5.000,36.0,9.0,9.0,0.0,0.00,,sulseco01
562,Austin Warren,29,NYM,NL,0.0,0,0,,0.00,1,0,0,0,0,0,1.0,0,0,0,0,1,0,1,0,0,0,4,,4.07,1.000,0.0,0.0,9.0,9.0,1.00,,warreau01
563,Nathan Wiles,26,ATL,NL,-0.1,0,0,,27.00,1,0,1,0,0,0,1.0,4,3,3,0,0,0,1,0,0,0,7,21,1.07,4.000,36.0,0.0,0.0,9.0,,,wilesna01
564,Andrew Chafin*,35,WSN,NL,0.0,0,0,,0.00,1,0,0,0,0,0,0.2,0,0,0,0,0,0,2,0,0,1,2,,-2.93,0.000,0.0,0.0,0.0,27.0,,,chafian01
565,Luke Little*,24,CHC,NL,-0.1,0,0,,13.50,1,0,0,0,0,0,0.2,0,1,1,0,4,0,0,0,0,0,6,47,21.07,6.000,0.0,0.0,54.0,0.0,0.00,,littllu01
566,Ty Adcock,28,NYM,NL,0.0,0,0,,0.00,1,0,1,0,0,0,0.1,1,0,0,0,1,0,0,0,0,0,4,,12.07,6.000,27.0,0.0,27.0,0.0,0.00,,adcocty01
567,Nicky Lopez,30,LAA,AL,0.0,0,0,,0.00,1,0,1,0,0,0,0.1,0,0,0,0,1,0,0,0,0,0,2,,12.07,3.000,0.0,0.0,27.0,0.0,0.00,,lopezni01
,League Average,,,,,,,.500,4.04,,,,,,,,,,,,,,,,,,,100,4.04,1.296,8.3,1.1,3.4,8.4,2.46,,-9999