Rk,Player,Age,Team,Lg,WAR,G,PA,AB,R,H,2B,3B,HR,RBI,SB,CS,BB,SO,BA,OBP,SLG,OPS,OPS+,rOBA,Rbat+,TB,GIDP,HBP,SH,SF,IBB,Pos,Awards,Player-additional
1,Ian Happ,30,CHC,NL,1.0,35,169,147,28,42,9,0,2,16,1,1,21,29,.286,.373,.388,.761,117,.352,125,57,3,0,0,1,0,7,,happia01
2,Jarren Duran,28,BOS,AL,0.5,35,168,155,19,42,9,4,2,19,11,3,10,31,.271,.321,.419,.741,107,.335,106,65,1,2,0,1,0,7/89,,duranja01
3,Rafael Devers,28,BOS,AL,0.8,36,165,136,22,34,11,0,5,23,0,0,26,44,.250,.370,.441,.811,128,.364,133,60,2,1,0,2,2,D,,deverra01
4,Kyle Tucker,28,CHC,NL,1.6,35,163,137,30,40,8,2,9,30,9,0,25,19,.292,.399,.577,.975,174,.427,169,79,3,0,0,1,3,9/D,,tuckeky01
5,Corbin Carroll,24,ARI,NL,1.3,34,160,146,26,41,8,4,9,26,5,1,10,43,.281,.344,.575,.919,152,.394,147,84,1,4,0,0,1,9/H,,carroco02
6,Alex Bregman,31,BOS,AL,2.1,35,159,139,25,44,13,0,8,27,1,1,15,29,.317,.396,.583,.979,172,.421,175,81,1,4,0,1,1,5,,bregmal01
7,Lars Nootbaar,27,STL,NL,1.4,34,158,131,23,32,7,0,5,18,4,1,26,24,.244,.373,.412,.786,121,.360,125,54,3,1,0,0,2,7/9D8H,,nootbla01
8,Francisco Lindor,31,NYM,NL,0.8,34,157,138,22,40,5,0,6,19,3,1,11,24,.290,.357,.457,.813,133,.362,134,63,1,5,0,3,0,6,,lindofr01
9,Pete Alonso,30,NYM,NL,2.4,35,156,125,25,43,13,1,8,31,0,1,25,24,.344,.468,.656,1.124,220,.472,216,82,6,5,0,1,1,3,,alonspe01
10,Bo Bichette,27,TOR,AL,0.4,34,155,146,13,42,11,0,1,14,4,2,6,22,.288,.323,.384,.706,102,.317,102,56,2,2,0,1,1,6,,bichebo01
11,Juan Soto,26,NYM,NL,1.2,35,155,129,26,33,8,0,5,14,2,0,25,23,.256,.374,.434,.808,133,.372,140,56,6,0,0,1,2,9/D,,sotoju01
12,James Wood,22,WSN,NL,1.2,35,155,132,21,36,9,0,9,21,5,2,22,40,.273,.381,.545,.926,161,.402,161,72,1,1,0,0,0,7/D,,woodja03
13,Willy Adames,29,SFG,NL,0.0,35,154,135,20,31,6,0,4,18,2,2,17,36,.230,.312,.363,.675,96,.304,98,49,1,0,0,2,0,6/D,,adamewi01
14,Bryce Harper,32,PHI,NL,1.0,34,154,128,20,30,6,0,6,17,6,0,26,31,.234,.364,.422,.786,119,.356,117,54,2,0,0,0,2,3/D,,harpebr03
15,Bryan Reynolds,30,PIT,NL,-0.5,34,154,138,13,32,5,0,4,17,3,2,13,42,.232,.299,.355,.654,83,.288,77,49,4,1,0,2,1,9D,,reynobr01
16,Jackson Chourio,21,MIL,NL,0.6,34,153,149,23,38,12,1,6,24,2,2,2,33,.255,.268,.470,.738,102,.333,110,70,5,1,0,1,0,79/8D,,chourja01
17,Elly De La Cruz,23,CIN,NL,1.1,35,153,134,24,36,5,0,5,25,13,4,16,41,.269,.353,.418,.771,111,.344,106,56,0,2,0,1,2,6,,delacel01
18,Xavier Edwards,25,MIA,NL,-0.2,33,153,135,15,35,3,1,0,10,8,2,14,26,.259,.329,.296,.625,73,.296,71,40,0,1,1,2,1,6/D,,edwarxa01
19,Aaron Judge,33,NYY,AL,3.1,34,153,130,32,55,9,2,11,33,3,2,21,31,.423,.510,.777,1.287,263,.541,270,101,4,2,0,0,4,9/D,,judgeaa01
20,Brent Rooker,30,ATH,AL,0.3,35,153,140,21,34,5,1,9,18,0,1,12,40,.243,.307,.486,.793,122,.345,124,68,3,1,0,0,0,D/79H,,rookebr01
21,Bobby Witt Jr.,25,KCR,AL,2.1,35,153,134,21,41,13,0,4,17,9,4,14,25,.306,.379,.493,.872,146,.396,157,66,0,3,0,2,3,6,,wittbo02
22,Yandy Díaz,33,TBR,AL,0.2,34,152,138,13,35,8,0,4,15,2,0,11,20,.254,.309,.399,.708,102,.313,97,55,4,1,0,2,0,D/3,,diazya01
23,Geraldo Perdomo,25,ARI,NL,2.0,34,152,120,18,35,7,0,5,29,9,0,24,17,.292,.400,.475,.875,144,.401,146,57,1,1,2,5,0,6/H,,perdoge01
24,Julio Rodríguez,24,SEA,AL,0.9,33,151,132,23,28,4,2,5,16,5,1,16,33,.212,.311,.386,.698,108,.318,110,51,2,3,0,0,1,8/H,,rodriju01
25,Kyle Schwarber,32,PHI,NL,1.2,34,151,120,24,29,3,1,11,26,2,1,27,33,.242,.397,.558,.956,164,.415,166,67,0,4,0,0,2,D/7,,schwaky01
26,Dansby Swanson,31,CHC,NL,0.5,35,149,138,23,30,5,1,7,18,4,0,9,44,.217,.264,.420,.684,91,.309,89,58,1,0,1,1,0,6,,swansda01
27,Spencer Torkelson,25,DET,AL,1.2,35,149,124,25,29,8,0,10,27,1,0,20,38,.234,.349,.540,.889,153,.380,148,67,5,3,0,2,1,3/DH,,torkesp01
28,Matt Chapman,32,SFG,NL,1.5,35,148,121,17,24,4,0,7,21,4,1,27,40,.198,.345,.405,.750,117,.339,119,49,0,0,0,0,0,5,,chapmma01
29,TJ Friedl,29,CIN,NL,0.3,32,148,133,18,36,6,1,1,13,7,2,11,23,.271,.327,.353,.680,87,.320,91,47,2,1,1,2,0,8/D,,friedtj01
30,Vladimir Guerrero Jr.,26,TOR,AL,0.6,34,148,128,15,35,6,0,4,18,0,1,17,28,.273,.358,.414,.772,121,.336,118,53,3,1,0,2,1,3/DH,,guerrvl02
31,Shohei Ohtani,30,LAD,NL,1.6,32,148,126,35,37,5,3,8,11,9,1,22,38,.294,.399,.571,.970,174,.423,169,72,0,0,0,0,2,D,,ohtansh01
32,Cal Raleigh,28,SEA,AL,1.7,33,148,126,21,31,7,0,12,23,4,0,20,38,.246,.358,.587,.945,178,.413,178,74,1,2,0,0,2,2/D,,raleica01
33,Willson Contreras,33,STL,NL,-0.1,34,147,131,14,32,5,0,4,17,2,0,10,38,.244,.322,.374,.696,95,.312,90,49,6,5,1,0,1,3/D,,contrwi01
34,Steven Kwan,27,CLE,AL,1.9,34,147,135,20,45,6,0,4,16,4,0,10,14,.333,.384,.467,.850,144,.385,148,63,0,1,1,0,0,7/D,,kwanst01
35,Pete Crow-Armstrong,23,CHC,NL,2.0,35,146,136,26,37,10,1,9,26,12,2,6,30,.272,.308,.559,.867,140,.383,138,76,0,1,3,0,0,8,,crowape01
36,Austin Riley,28,ATL,NL,1.3,33,146,137,14,40,6,0,8,24,0,0,7,45,.292,.336,.511,.847,133,.372,135,70,2,2,0,0,0,5,,rileyau01
37,Anthony Santander,30,TOR,AL,-0.6,33,146,129,11,23,5,0,4,12,0,0,16,33,.178,.267,.310,.577,65,.261,61,40,4,0,0,1,0,D/97,,santaan02
38,Brice Turang,25,MIL,NL,1.4,34,146,130,28,41,2,0,3,16,8,3,12,32,.315,.372,.400,.772,117,.369,132,52,0,1,1,2,0,4,,turanbr02
39,Lawrence Butler,24,ATH,AL,0.4,33,145,132,18,33,7,0,5,11,6,1,13,36,.250,.317,.417,.734,108,.329,105,55,1,0,0,0,0,9,,butlela01
40,Nathaniel Lowe,29,WSN,NL,0.2,35,145,130,12,33,7,0,6,27,1,0,14,42,.254,.331,.446,.777,120,.343,118,58,2,1,0,0,0,3/DH,,lowena01
41,Heliot Ramos,25,SFG,NL,0.3,34,145,131,24,32,7,0,5,12,3,0,11,36,.244,.310,.412,.723,108,.329,110,54,3,2,0,1,0,7/D,,ramoshe02
42,Tyler Soderstrom,23,ATH,AL,1.2,35,145,131,22,37,5,0,9,25,2,0,13,31,.282,.345,.527,.872,145,.377,142,69,5,0,0,1,0,37/DH,,soderty01
43,Riley Greene,24,DET,AL,0.8,34,144,135,19,37,5,0,8,21,0,0,8,41,.274,.319,.489,.808,130,.348,126,66,3,1,0,0,1,78/D9H,,greenri03
44,Matt Olson,31,ATL,NL,0.8,33,144,117,18,26,5,0,5,16,0,0,26,26,.222,.368,.393,.761,113,.347,117,46,7,1,0,0,0,3,,olsonma02
45,Ozzie Albies,28,ATL,NL,0.6,33,143,132,19,32,4,0,5,14,5,0,11,19,.242,.301,.386,.687,91,.312,86,51,1,0,0,0,0,4,,albieoz01
46,Josh Naylor,28,ARI,NL,0.8,33,143,125,16,38,9,0,4,20,6,2,16,19,.304,.380,.472,.852,137,.384,141,59,5,0,0,1,1,3/D,,naylojo01
47,Vinnie Pasquantino,27,KCR,AL,0.0,34,143,132,12,26,5,1,6,22,0,0,9,26,.197,.252,.386,.638,78,.279,72,51,1,1,0,1,2,3D,,pasquvi01
48,Trevor Story,32,BOS,AL,0.8,34,143,135,16,36,2,0,5,16,7,0,6,41,.267,.308,.393,.700,96,.320,92,53,0,2,0,0,0,6/DH,,storytr01
49,Trea Turner,32,PHI,NL,0.4,32,143,128,20,38,6,0,1,11,6,3,13,27,.297,.371,.367,.738,108,.339,112,47,1,2,0,0,0,6/H,,turnetr01
50,Randy Arozarena,30,SEA,AL,1.1,32,142,116,16,26,7,0,5,18,8,0,22,39,.224,.366,.414,.780,134,.363,136,48,2,4,0,0,0,7,,arozara01
51,Brendan Donovan,28,STL,NL,1.2,33,142,127,19,43,9,0,3,19,3,1,11,15,.339,.397,.480,.877,145,.389,147,61,3,2,1,1,0,4/76DH,,donovbr01
52,Paul Goldschmidt,37,NYY,AL,0.8,34,142,129,19,45,8,0,3,17,1,0,10,25,.349,.397,.481,.878,151,.382,148,62,3,1,0,1,1,3/DH,,goldspa01
53,Jose Altuve,35,HOU,AL,-0.4,32,141,131,15,34,3,0,4,14,3,3,9,29,.260,.305,.374,.679,94,.292,89,49,3,0,0,1,1,7/D4,,altuvjo01
54,Ty France,30,MIN,AL,-0.1,35,141,126,15,32,7,0,3,19,0,0,9,20,.254,.326,.381,.707,99,.323,102,48,4,5,0,1,0,3,,francty01
55,Trevor Larnach,28,MIN,AL,0.3,34,141,122,17,28,2,0,4,16,1,1,16,27,.230,.321,.344,.666,88,.318,100,42,3,1,0,1,1,79D/H,,larnatr01
56,Jung Hoo Lee,26,SFG,NL,1.5,34,141,128,25,39,11,2,3,20,3,1,11,19,.305,.362,.492,.854,146,.377,147,63,0,1,0,1,0,8/H,,leeju01
57,Christian Yelich,33,MIL,NL,-0.1,33,141,121,15,25,3,0,5,23,6,0,18,37,.207,.312,.355,.667,87,.317,89,43,2,1,0,1,1,D/7H,,yelicch01
58,William Contreras,27,MIL,NL,0.9,33,140,117,17,29,2,0,3,18,4,0,22,22,.248,.364,.342,.706,100,.337,105,40,1,0,0,1,3,2/D7,,contrwi02
59,JJ Bleday,27,ATH,AL,0.0,34,139,120,22,27,7,0,4,13,1,1,18,29,.225,.324,.383,.707,101,.320,104,46,2,0,0,1,0,8/H,,bledajj01
60,Jonathan India,28,KCR,AL,0.1,32,139,118,13,26,6,0,1,6,0,2,19,22,.220,.331,.297,.628,81,.282,80,35,2,1,0,1,0,57/D,,indiajo01
61,Brandon Nimmo,32,NYM,NL,0.1,33,139,127,16,28,5,0,7,23,0,1,10,24,.220,.273,.425,.699,98,.296,90,54,4,0,0,2,1,7/8DH,,nimmobr01
62,Isaac Paredes,26,HOU,AL,1.3,32,139,120,14,30,3,1,4,14,0,0,17,23,.250,.353,.392,.744,114,.342,121,47,3,2,0,0,0,5,,paredis01
63,Seiya Suzuki,30,CHC,NL,1.0,31,139,125,20,34,6,2,9,29,1,1,13,42,.272,.338,.568,.906,152,.390,153,71,3,0,0,1,0,D/79,,suzukse01
64,Nolan Arenado,34,STL,NL,0.7,32,138,122,14,31,9,0,3,14,1,0,15,11,.254,.341,.402,.742,108,.330,104,49,3,1,0,0,3,5,,arenano01
65,Nick Castellanos,33,PHI,NL,0.0,34,138,127,14,35,9,0,3,17,0,0,9,26,.276,.326,.417,.743,106,.334,107,53,3,1,0,1,0,9/D,,casteni01
66,Oneil Cruz,26,PIT,NL,0.4,32,138,111,20,27,5,0,8,18,14,0,24,38,.243,.377,.505,.881,145,.405,142,56,2,1,0,2,2,8/HD,,cruzon01
67,Jeremy Peña,27,HOU,AL,1.6,33,138,124,17,35,5,0,4,12,5,0,10,20,.282,.348,.419,.767,120,.342,115,52,1,3,0,1,1,6,,penaje02
68,Marcus Semien,34,TEX,AL,-0.4,34,138,121,10,22,1,0,2,14,1,1,15,28,.182,.268,.240,.508,50,.241,52,29,3,0,0,2,0,4,,semiema01
69,Eugenio Suárez,33,ARI,NL,0.2,34,138,122,20,23,5,0,10,21,1,0,12,38,.189,.275,.475,.751,105,.341,111,58,2,3,0,1,1,5/H,,suareeu01
70,Fernando Tatis Jr.,26,SDP,NL,2.4,32,138,122,26,40,4,1,8,18,8,2,14,22,.328,.399,.574,.972,169,.449,186,70,2,1,0,1,1,9/D,,tatisfe02
71,Anthony Volpe,24,NYY,AL,1.4,33,138,120,16,28,10,0,5,19,4,3,15,35,.233,.326,.442,.768,118,.337,119,53,1,2,0,1,0,6,,volpean01
72,Mookie Betts,32,LAD,NL,1.3,31,137,119,25,31,4,1,5,21,2,0,16,12,.261,.350,.437,.787,124,.348,120,52,3,1,0,1,0,6,,bettsmo01
73,Byron Buxton,31,MIN,AL,1.1,32,136,127,24,33,4,2,7,18,7,0,5,44,.260,.294,.488,.782,116,.344,108,62,0,2,0,2,0,8,,buxtoby01
74,Andrés Giménez,26,TOR,AL,0.6,34,136,121,16,23,4,0,3,10,9,1,10,26,.190,.272,.298,.570,63,.279,65,36,1,4,0,1,0,4/H,,gimenan01
75,Michael Harris II,24,ATL,NL,0.0,33,136,127,11,28,6,0,3,19,7,1,4,23,.220,.239,.339,.577,59,.264,51,43,1,0,2,3,0,8/H,,harrimi04
76,Manny Machado,32,SDP,NL,1.2,33,136,122,21,36,11,0,3,14,7,1,13,23,.295,.360,.459,.819,128,.366,125,56,4,0,0,1,1,5/D,,machama01
77,Ryan McMahon,30,COL,NL,0.3,33,136,115,11,19,3,1,3,7,1,0,19,44,.165,.287,.287,.574,57,.269,53,33,1,1,0,1,0,5,,mcmahry01
78,Luis Robert Jr.,27,CHW,AL,0.8,32,136,113,19,22,3,0,5,15,15,5,20,43,.195,.313,.354,.667,93,.330,107,40,2,0,0,1,1,8/D,,roberlu01
79,Alec Bohm,28,PHI,NL,-0.8,32,135,127,12,29,5,1,0,10,1,0,4,24,.228,.267,.283,.550,54,.251,47,36,7,3,0,1,0,5,,bohmal01
80,Sal Frelick,25,MIL,NL,0.0,35,135,118,16,35,5,2,1,9,7,2,13,16,.297,.381,.398,.779,119,.354,119,47,1,3,1,0,0,98/5,,frelisa01
81,Mark Vientos,25,NYM,NL,0.3,32,135,119,16,26,5,1,4,15,0,0,15,29,.218,.304,.378,.682,95,.317,103,45,3,0,0,1,0,5/D,,vientma01
82,Jacob Wilson,23,ATH,AL,0.5,33,135,129,19,43,6,0,3,17,1,0,5,6,.333,.358,.450,.808,129,.361,132,58,3,0,1,0,0,6,,wilsoja05
83,Teoscar Hernández,32,LAD,NL,1.3,32,134,128,21,39,9,0,9,33,4,0,4,25,.305,.323,.586,.909,153,.393,150,75,4,0,0,1,0,9,,hernate01
84,Miguel Vargas,25,CHW,AL,0.5,33,134,118,14,26,6,0,2,12,1,0,14,27,.220,.313,.322,.635,85,.290,83,38,0,2,0,0,0,5/3DH,,vargami01
85,Carlos Correa,30,MIN,AL,-0.1,34,133,125,12,27,8,0,1,9,0,0,7,25,.216,.256,.304,.560,57,.246,47,38,6,0,0,1,0,6,,correca01
86,Nico Hoerner,28,CHC,NL,0.8,31,133,122,14,34,5,1,0,15,6,2,8,12,.279,.323,.336,.659,88,.317,97,41,0,1,0,2,0,4,,hoernni01
87,Carlos Santana,39,CLE,AL,0.4,32,133,114,14,25,2,0,3,10,2,0,15,22,.219,.316,.316,.632,83,.294,83,36,1,2,0,2,1,3/D,,santaca01
88,Andrew Vaughn,27,CHW,AL,-1.3,32,133,125,7,22,4,0,3,14,0,0,7,30,.176,.218,.280,.498,43,.221,34,35,3,0,0,1,0,3/D,,vaughan01
89,Taylor Ward,31,LAA,AL,-0.4,32,133,125,13,22,5,0,6,10,0,1,7,36,.176,.218,.360,.578,61,.251,54,45,2,0,0,1,1,7,,wardta01
90,Wilyer Abreu,26,BOS,AL,1.6,34,132,111,20,31,6,0,7,22,4,0,21,30,.279,.394,.523,.916,156,.399,154,58,2,0,0,0,4,9/H,,abreuwi02
91,Xander Bogaerts,32,SDP,NL,0.3,33,132,115,15,28,9,0,1,11,6,0,15,29,.243,.333,.348,.681,92,.309,83,40,5,1,0,1,2,6/H,,bogaexa01
92,Junior Caminero,21,TBR,AL,0.0,32,132,125,17,30,6,0,6,13,1,0,6,29,.240,.273,.432,.705,99,.332,112,54,9,0,0,1,0,5/DH,,caminju01
93,Maikel Garcia,25,KCR,AL,1.0,34,132,119,14,38,9,0,4,14,7,5,12,19,.319,.379,.496,.875,146,.375,146,59,1,0,0,1,0,5/48DH69,,garcima01
94,Ke'Bryan Hayes,28,PIT,NL,0.4,33,132,122,8,31,2,1,1,13,3,1,8,24,.254,.311,.311,.622,76,.283,71,38,4,2,0,0,0,5,,hayeske01
95,Cedric Mullins,30,BAL,AL,1.1,31,132,110,18,28,5,0,7,21,5,1,20,26,.255,.379,.491,.870,154,.392,159,54,1,2,0,0,0,8,,mullice01
96,Marcell Ozuna,34,ATL,NL,1.1,30,132,101,15,29,4,0,5,12,0,0,29,28,.287,.447,.475,.922,158,.420,169,48,2,1,0,1,0,D,,ozunama01
97,José Ramírez,32,CLE,AL,0.2,32,132,117,14,31,5,0,5,15,8,2,10,15,.265,.318,.436,.754,115,.334,110,51,0,1,0,4,2,5/D,,ramirjo01
98,Christian Walker,34,HOU,AL,0.1,32,132,120,15,24,6,0,4,9,0,0,9,39,.200,.273,.350,.623,78,.292,85,42,6,3,0,0,0,3,,walkech02
99,Salvador Perez,35,KCR,AL,-0.2,32,131,123,9,30,11,0,2,16,0,0,7,25,.244,.285,.382,.667,88,.301,88,47,3,0,0,0,0,2/3D,,perezsa02
100,Jorge Soler,33,LAA,AL,0.1,32,131,118,13,27,7,0,6,13,0,0,8,39,.229,.290,.441,.731,104,.321,103,52,2,3,0,2,0,D/9,,solerjo01
101,Adolis García,32,TEX,AL,0.5,34,130,120,10,26,7,0,4,17,4,1,6,32,.217,.269,.375,.644,86,.295,87,45,2,3,0,1,0,9,,garciad02
102,Lourdes Gurriel Jr.,31,ARI,NL,-0.1,31,130,120,12,25,7,0,5,18,1,0,5,15,.208,.238,.392,.630,73,.276,65,47,1,1,0,4,0,7,,gurrilo01
103,Bryson Stott,27,PHI,NL,0.5,31,130,116,18,32,4,2,2,15,7,0,12,27,.276,.346,.397,.743,107,.343,105,46,0,1,0,1,0,4/H,,stottbr01
104,Wilmer Flores,33,SFG,NL,0.1,34,129,121,15,29,2,0,7,31,1,0,7,29,.240,.287,.430,.717,105,.316,103,52,2,1,0,0,0,D/H3,,florewi01
105,Zach McKinstry,30,DET,AL,1.2,32,129,110,17,32,6,3,1,15,3,0,16,35,.291,.375,.427,.802,132,.355,128,47,1,0,1,2,1,9/574H6,,mckinza01
106,Michael Busch,27,CHC,NL,1.1,33,128,112,16,30,7,1,6,22,2,0,13,30,.268,.359,.509,.868,144,.382,143,57,1,3,0,0,0,3/H,,buschmi02
107,J.P. Crawford,30,SEA,AL,1.6,32,128,105,17,30,3,0,3,17,1,0,20,24,.286,.405,.400,.805,143,.364,146,42,1,1,2,0,0,6,,crawfjp01
108,Brandon Lowe,30,TBR,AL,0.0,30,128,118,10,24,0,0,4,17,1,1,9,36,.203,.258,.305,.563,62,.257,61,36,0,0,0,1,0,4/H,,lowebr01
109,Joey Ortiz,26,MIL,NL,-1.0,34,128,116,13,21,3,0,0,5,4,1,9,20,.181,.246,.207,.453,29,.217,21,24,4,1,2,0,0,6,,ortizjo06
110,Adley Rutschman,27,BAL,AL,0.4,31,128,111,15,24,4,0,4,10,0,0,17,21,.216,.320,.360,.681,100,.306,100,40,5,0,0,0,0,2/DH,,rutscad01
111,Cody Bellinger,29,NYY,AL,0.2,31,127,110,15,22,4,1,4,18,3,1,13,26,.200,.276,.364,.639,82,.280,73,40,2,0,0,4,0,78/9H,,bellico01
112,Kristian Campbell,23,BOS,AL,0.9,30,127,107,18,31,8,0,4,12,2,1,19,32,.290,.394,.477,.870,144,.381,144,51,0,0,0,1,0,4/87,,campbkr01
113,Michael Toglia,26,COL,NL,-0.8,33,127,117,8,23,5,0,3,13,2,0,8,48,.197,.252,.316,.568,53,.256,42,37,2,1,0,1,1,3,,toglimi01
114,Hunter Goodman,25,COL,NL,0.7,32,126,113,16,31,5,0,5,17,0,0,10,28,.274,.349,.451,.801,116,.360,119,51,3,3,0,0,0,2D,,goodmhu01
115,Gavin Lux,27,CIN,NL,0.4,32,126,110,14,33,8,1,1,15,1,0,16,31,.300,.389,.418,.807,122,.363,123,46,0,0,0,0,0,7/D45H,,luxga01
116,Kyle Manzardo,24,CLE,AL,0.6,31,126,105,14,23,3,1,8,20,1,0,17,33,.219,.325,.495,.821,132,.351,126,52,1,1,0,3,1,D/3H,,manzaky01
117,Jazz Chisholm Jr.,27,NYY,AL,1.2,30,125,105,17,19,3,0,7,17,6,1,15,39,.181,.304,.410,.714,102,.333,108,43,1,4,0,1,0,4,,chishja01
118,Dylan Crews,23,WSN,NL,-0.1,32,125,117,18,23,1,1,4,6,9,1,6,36,.197,.248,.325,.573,62,.275,62,38,0,2,0,0,0,9/8,,crewsdy01
119,Nolan Schanuel,23,LAA,AL,-0.4,32,125,111,14,27,5,1,2,9,1,0,12,19,.243,.320,.360,.680,93,.310,93,40,4,1,0,1,1,3,,schanno01
120,Luis García Jr.,25,WSN,NL,-0.2,31,124,111,16,26,5,0,3,12,6,0,8,17,.234,.282,.360,.643,82,.300,80,40,0,1,0,4,0,4/H,,garcilu04
121,Kyle Stowers,27,MIA,NL,0.7,31,124,109,18,35,4,1,6,25,2,1,12,34,.321,.387,.541,.928,151,.396,147,59,3,1,0,2,0,9/7HD,,stoweky01
122,Mike Yastrzemski,34,SFG,NL,1.3,31,124,106,16,30,7,0,5,17,2,2,17,24,.283,.387,.491,.878,154,.388,159,52,2,1,0,0,1,9/H,,yastrmi01
123,Shea Langeliers,27,ATH,AL,0.0,29,123,112,14,25,4,0,6,15,1,0,10,19,.223,.285,.420,.704,98,.313,96,47,3,0,0,1,0,2/D,,langesh01
124,Keibert Ruiz,26,WSN,NL,0.4,31,123,114,11,34,4,0,2,13,0,1,7,14,.298,.350,.386,.736,110,.342,121,44,2,2,0,0,0,2/H,,ruizke01
125,Tommy Edman,30,LAD,NL,1.1,30,122,111,19,28,4,1,8,24,2,1,6,18,.252,.295,.523,.818,128,.352,126,58,1,2,0,3,0,4/8H,,edmanto01
126,Max Muncy,34,LAD,NL,0.3,32,122,102,7,19,6,1,1,7,0,0,17,38,.186,.311,.294,.606,75,.283,76,30,2,2,0,1,0,5/H,,muncyma01
127,Lenyn Sosa,25,CHW,AL,0.1,33,122,117,10,30,4,0,2,10,0,0,4,28,.256,.281,.342,.623,79,.283,79,40,3,0,1,0,0,4/3H5D,,sosale01
128,Yordan Alvarez,28,HOU,AL,-0.4,29,121,100,7,21,4,0,3,18,1,0,16,21,.210,.306,.340,.646,86,.279,73,34,0,0,0,5,3,D/7,,alvaryo01
129,Josh Bell,32,WSN,NL,-0.7,30,121,108,12,15,0,1,5,14,0,1,12,27,.139,.231,.296,.528,50,.244,51,32,4,1,0,0,0,D/3,,belljo02
130,Max Kepler,32,PHI,NL,0.7,31,121,107,18,28,7,0,5,11,0,0,12,22,.262,.339,.467,.806,123,.349,118,50,2,1,0,1,1,7/9H8,,keplema01
131,Michael Massey,27,KCR,AL,-1.0,32,121,113,5,23,4,0,1,12,0,0,2,20,.204,.217,.265,.482,36,.208,20,30,3,1,1,4,0,4/DH,,massemi02
132,Mike Trout,33,LAA,AL,-0.2,29,121,106,14,19,1,1,9,18,2,0,12,36,.179,.264,.462,.727,102,.309,91,49,1,1,0,2,2,9/D,,troutmi01
133,Andy Pages,24,LAD,NL,1.3,31,120,108,15,29,4,0,6,14,3,1,9,30,.269,.342,.472,.814,130,.358,128,51,0,3,0,0,0,8/97,,pagesan01
134,Trey Sweeney,25,DET,AL,0.5,34,120,107,17,25,2,1,3,15,2,0,13,26,.234,.317,.355,.672,94,.304,91,38,1,0,0,0,0,6/H,,sweentr01
135,Michael Conforto,32,LAD,NL,-0.6,31,119,99,16,14,4,0,2,6,1,0,18,38,.141,.286,.242,.528,53,.257,56,24,6,2,0,0,0,7/H,,confomi01
136,Otto López,26,MIA,NL,0.5,30,119,109,15,25,5,0,2,11,3,1,10,17,.229,.294,.330,.624,71,.288,68,36,3,0,0,0,1,4/6,,lopezot01
137,J.T. Realmuto,34,PHI,NL,0.6,29,119,109,11,27,5,1,3,12,4,0,10,30,.248,.311,.394,.705,96,.326,96,43,6,0,0,0,1,2/D,,realmjt01
138,Luis Rengifo,28,LAA,AL,-1.2,32,119,113,9,25,5,0,1,9,1,2,5,20,.221,.252,.292,.544,54,.242,50,33,5,0,0,1,0,5/4H,,rengilu01
139,Ben Rice,26,NYY,AL,1.0,30,119,102,22,26,5,1,8,13,2,1,14,30,.255,.361,.559,.920,159,.396,159,57,3,3,0,0,0,D/3H2,,ricebe01
140,Victor Scott II,24,STL,NL,1.4,31,119,105,16,30,6,1,2,15,11,0,12,29,.286,.356,.419,.775,117,.363,113,44,0,0,1,1,0,8/97,,scottvi01
141,Luis Arráez,28,SDP,NL,0.3,27,118,108,12,33,4,1,3,12,2,1,5,2,.306,.336,.444,.781,117,.337,111,48,1,1,2,2,0,3/D,,arraelu01
142,Kerry Carpenter,27,DET,AL,0.8,32,118,112,17,33,5,0,8,19,0,1,2,19,.295,.316,.554,.870,145,.375,149,62,1,2,0,1,0,79/DH,,carpeke01
143,Rhys Hoskins,32,MIL,NL,0.3,32,118,97,9,25,2,0,4,14,1,1,18,24,.258,.381,.402,.783,121,.354,124,39,3,2,0,1,2,3/HD,,hoskirh01
144,Spencer Steer,27,CIN,NL,0.0,28,118,107,17,22,4,0,3,11,2,0,10,25,.206,.280,.327,.607,66,.285,65,35,3,1,0,0,0,D3,,steersp01
145,Jonathan Aranda,27,TBR,AL,1.4,31,116,98,15,31,9,0,5,17,0,0,14,25,.316,.414,.561,.975,178,.422,179,55,3,3,0,1,0,3/HD,,arandjo01
146,Ceddanne Rafaela,24,BOS,AL,1.0,31,116,105,17,23,3,1,2,15,7,0,7,22,.219,.278,.324,.602,69,.291,68,34,0,2,1,1,0,8/H,,rafaece01
147,Eric Wagaman,27,MIA,NL,-0.1,29,116,109,15,27,6,0,3,8,1,1,7,18,.248,.293,.385,.678,84,.302,82,42,3,0,0,0,0,3/D7H5,,wagamer01
148,George Springer,35,TOR,AL,0.8,31,115,94,13,29,8,1,3,13,5,0,18,27,.309,.416,.511,.927,164,.412,165,48,2,0,0,1,1,98/DH7,,springe01
149,Jordan Walker,23,STL,NL,-0.2,29,115,106,9,21,2,0,2,9,2,2,8,35,.198,.261,.274,.534,51,.256,56,29,2,1,0,0,0,9/H,,walkejo02
150,Gabriel Arias,25,CLE,AL,0.7,32,113,103,18,27,6,0,4,13,2,1,8,32,.262,.319,.437,.755,115,.325,109,45,2,1,0,1,0,46/5H,,ariasga01
151,Matt McLain,25,CIN,NL,0.3,26,113,97,16,16,1,0,4,12,6,0,15,35,.165,.283,.299,.582,61,.298,69,29,2,1,0,0,0,4/DH,,mclaima01
152,Austin Wells,25,NYY,AL,0.5,30,113,101,10,21,6,1,6,18,0,0,8,24,.208,.265,.465,.731,104,.318,102,47,3,1,0,3,0,2/H,,wellsau01
153,Triston Casas,25,BOS,AL,-0.8,29,112,99,5,18,3,0,3,11,0,0,11,27,.182,.277,.303,.580,64,.267,61,30,3,2,0,0,2,3/H,,casastr01
154,Ryan Mountcastle,28,BAL,AL,0.2,32,111,104,13,21,5,0,2,9,0,0,5,28,.202,.243,.308,.551,61,.276,79,32,3,1,0,1,0,3/HD,,mountry01
155,Jasson Domínguez,22,NYY,AL,0.2,28,110,97,15,22,7,0,2,12,3,0,12,34,.227,.318,.361,.679,94,.321,100,35,2,1,0,0,0,7/D,,dominja01
156,Gunnar Henderson,24,BAL,AL,0.6,26,110,104,13,27,7,1,3,5,3,0,6,29,.260,.300,.433,.733,113,.321,106,45,3,0,0,0,1,6/D,,hendegu01
157,Isiah Kiner-Falefa,30,PIT,NL,0.7,30,109,100,11,28,3,1,0,7,6,2,7,20,.280,.333,.330,.663,87,.311,89,33,2,1,1,0,0,6/5,,kineris01
158,Andrew McCutchen,38,PIT,NL,0.6,29,109,95,10,25,6,0,3,12,1,0,13,20,.263,.358,.421,.779,118,.348,117,40,3,1,0,0,0,D/9H,,mccutan01
159,Tommy Pham,37,PIT,NL,-0.2,29,109,98,9,18,4,0,0,6,3,0,9,31,.184,.257,.224,.481,37,.242,37,22,6,1,0,1,1,7/9H,,phamth01
160,Jake Burger,29,TEX,AL,-0.7,30,108,100,13,19,5,0,3,12,0,1,3,32,.190,.231,.330,.561,62,.239,52,33,0,3,0,2,0,3/DH,,burgeja01
161,Yainer Diaz,26,HOU,AL,0.1,28,108,104,11,23,4,1,3,14,0,1,3,22,.221,.250,.365,.615,75,.281,80,38,2,1,0,0,0,2/DH,,diazya02
162,Adam Frazier,33,PIT,NL,0.5,32,108,97,10,22,3,0,2,9,3,1,8,17,.227,.296,.320,.616,73,.292,77,31,4,2,0,1,0,4/H79,,fraziad01
163,LaMonte Wade Jr.,31,SFG,NL,-1.0,31,108,92,8,13,5,1,1,12,0,0,14,26,.141,.252,.250,.502,47,.230,42,23,2,0,1,1,1,3/HD,,wadela01
164,Brenton Doyle,27,COL,NL,0.4,25,107,98,11,22,4,0,4,15,3,0,8,25,.224,.280,.388,.668,80,.308,77,38,2,0,0,1,0,8/H,,doylebr02
165,Harrison Bader,31,MIN,AL,1.2,32,105,93,13,26,4,0,3,14,2,2,9,27,.280,.362,.419,.781,120,.346,122,39,1,3,0,0,0,7/89H,,baderha01
166,Alec Burleson,26,STL,NL,-0.2,31,105,98,9,25,3,0,1,8,2,0,7,16,.255,.305,.316,.621,75,.280,66,31,2,0,0,0,1,D3/H7,,burleal01
167,Alejandro Kirk,26,TOR,AL,-0.1,26,105,100,5,26,3,0,2,12,0,0,3,14,.260,.286,.350,.636,81,.289,82,35,6,1,0,1,0,2/D,,kirkal01
168,Wyatt Langford,23,TEX,AL,1.3,25,105,91,11,27,5,0,6,13,4,2,11,20,.297,.371,.549,.921,165,.392,160,50,4,1,0,2,0,7,,langfwy01
169,Edouard Julien,26,MIN,AL,-0.4,29,104,91,8,18,5,0,2,8,0,2,11,29,.198,.288,.319,.607,71,.265,67,29,2,1,0,1,0,4/DH6,,julieed01
170,Logan O'Hoppe,25,LAA,AL,0.7,28,104,98,12,27,1,0,9,15,0,0,5,35,.276,.317,.561,.879,144,.387,151,55,1,1,0,0,0,2/HD,,ohopplo01
171,Will Smith,30,LAD,NL,1.3,27,104,85,11,27,6,0,3,19,2,1,15,23,.318,.413,.494,.908,158,.395,156,42,0,1,0,3,0,2/H,,smithwi05
172,Brooks Baldwin,24,CHW,AL,-0.5,31,103,95,6,22,5,0,3,14,2,0,5,28,.232,.267,.379,.646,84,.285,77,36,3,0,2,1,0,76/49H85,,baldwbr01
173,Joey Bart,28,PIT,NL,0.5,26,103,85,6,24,4,1,1,7,1,0,15,28,.282,.408,.388,.796,125,.367,130,33,4,3,0,0,0,2/HD,,bartjo01
174,Colt Keith,23,DET,AL,0.0,32,103,84,16,16,2,0,3,8,0,0,19,23,.190,.340,.321,.661,93,.315,102,27,1,0,0,0,0,4/DH3,,keithco01
175,Ryan Jeffers,28,MIN,AL,0.6,27,102,90,8,25,8,0,2,13,0,0,10,17,.278,.363,.433,.796,124,.353,124,39,3,2,0,0,0,2/DH,,jeffery01
176,Christopher Morel,26,TBR,AL,0.1,29,102,92,12,22,6,0,3,11,2,1,9,40,.239,.314,.402,.716,105,.334,115,37,2,1,0,0,0,7/H,,morelch01
177,Josh Smith,27,TEX,AL,1.2,29,102,90,16,28,4,1,3,8,4,1,11,20,.311,.386,.478,.864,151,.398,163,43,0,0,1,0,1,6/53478H9D,,smithjo11
178,Kyle Farmer,34,COL,NL,-0.2,29,101,96,2,23,9,0,0,7,0,0,4,23,.240,.267,.333,.601,62,.264,51,32,3,0,0,1,0,4/65D3H,,farmeky01
179,Kameron Misner,27,TBR,AL,0.7,30,101,92,14,25,7,1,3,11,2,0,6,25,.272,.317,.467,.784,122,.339,115,43,1,1,0,2,0,98/7H,,misneka01
180,Javier Báez,32,DET,AL,1.5,28,100,94,14,29,7,0,3,14,1,1,4,23,.309,.350,.479,.829,137,.366,141,45,1,2,0,0,0,85/6H,,baezja01
181,Josh Jung,27,TEX,AL,0.5,26,100,95,8,26,5,1,2,9,2,1,5,20,.274,.310,.411,.721,108,.323,110,39,3,0,0,0,0,5,,jungjo01
182,Gavin Sheets,29,SDP,NL,0.2,30,100,90,11,25,4,0,4,14,1,0,8,28,.278,.340,.456,.796,121,.348,116,41,2,1,0,1,0,D/H37,,sheetga01
183,Pavin Smith,29,ARI,NL,1.0,31,100,80,17,25,9,0,4,9,1,0,20,30,.313,.450,.575,1.025,185,.455,191,46,4,0,0,0,0,D/3H,,smithpa04
184,Jake Meyers,29,HOU,AL,1.1,32,99,89,12,27,5,1,2,13,7,1,8,21,.303,.357,.449,.807,131,.365,129,40,2,0,1,1,0,8/H,,meyerja02
185,Patrick Bailey,26,SFG,NL,-0.1,31,98,91,9,16,6,1,0,9,0,0,6,33,.176,.224,.264,.488,42,.218,34,24,1,0,0,1,0,2/H,,bailepa01
186,Jonah Heim,30,TEX,AL,0.6,27,98,91,10,25,2,0,4,10,2,0,7,20,.275,.327,.429,.755,118,.347,124,39,3,0,0,0,0,2/DH,,heimjo01
187,Jordan Westburg,26,BAL,AL,0.1,23,98,92,12,20,2,1,4,6,0,1,5,22,.217,.265,.391,.657,90,.289,91,36,1,1,0,0,0,5/4D,,westbjo01
188,CJ Abrams,24,WSN,NL,1.1,22,97,88,13,25,5,2,4,13,6,1,4,21,.284,.333,.523,.856,140,.377,137,46,0,3,1,1,0,6,,abramcj01
189,Oswaldo Cabrera,26,NYY,AL,0.4,28,97,88,13,23,2,0,1,8,0,1,7,22,.261,.330,.318,.648,87,.318,106,28,1,2,0,0,0,5/H379,,cabreos01
190,Jackson Holliday,21,BAL,AL,0.3,28,97,88,11,24,1,1,4,11,2,2,7,22,.273,.340,.443,.783,129,.360,143,39,1,2,0,0,0,4/6H,,hollija01
191,Gleyber Torres,28,DET,AL,0.8,22,97,86,13,25,3,0,4,15,4,0,8,9,.291,.361,.465,.826,137,.373,137,40,2,2,0,1,0,4/D,,torregl01
192,Jo Adell,26,LAA,AL,-0.8,27,96,91,5,16,4,0,2,14,1,0,4,26,.176,.219,.286,.504,42,.227,32,26,1,1,0,0,0,8/9H,,adelljo01
193,Mickey Moniak,27,COL,NL,-0.4,30,96,88,11,18,2,4,3,9,0,2,7,20,.205,.271,.420,.691,85,.284,72,37,0,1,0,0,1,89/7H,,moniami01
194,Kyren Paris,23,LAA,AL,0.8,30,96,85,14,18,3,1,5,10,5,0,7,38,.212,.295,.447,.742,107,.356,119,38,1,3,0,0,0,4/8H7D,,parisky01
195,Tyrone Taylor,31,NYM,NL,0.7,28,96,90,12,22,3,2,1,6,2,1,2,21,.244,.292,.356,.647,86,.298,89,32,1,4,0,0,0,8/H79,,tayloty01
196,Jacob Young,25,WSN,NL,0.3,30,96,80,14,17,3,0,0,2,4,3,10,13,.213,.315,.250,.565,64,.265,67,20,2,2,4,0,0,8/HD,,youngja03
197,Andrew Benintendi,30,CHW,AL,0.4,24,95,85,13,19,0,0,5,12,0,0,8,17,.224,.298,.400,.698,100,.326,110,34,1,1,0,0,0,7/DH,,beninan01
198,Ryan O'Hearn,31,BAL,AL,0.9,25,95,85,14,26,4,0,7,14,1,1,9,14,.306,.379,.600,.979,183,.417,182,51,1,1,0,0,0,D/39H,,ohearry01
199,Joc Pederson,33,TEX,AL,-1.3,29,95,85,3,8,3,1,0,1,0,0,7,21,.094,.181,.153,.334,-1,.160,-9,13,4,2,0,0,0,D/H3,,pederjo01
200,Dillon Dingler,26,DET,AL,0.8,25,94,93,8,28,4,1,4,15,0,0,0,28,.301,.309,.495,.803,128,.356,132,46,0,1,0,0,0,2/H,,dingldi01
201,Freddie Freeman,35,LAD,NL,1.0,23,94,81,15,27,7,0,6,21,0,1,11,15,.333,.415,.642,1.057,197,.440,193,52,2,1,0,1,1,3/H,,freemfr01
202,Gio Urshela,33,ATH,AL,-0.5,27,94,88,3,20,9,1,0,12,0,0,5,15,.227,.269,.352,.621,76,.282,75,31,2,0,1,0,0,5,,urshegi01
203,Masyn Winn,23,STL,NL,0.7,25,94,82,17,22,4,0,3,8,2,2,9,24,.268,.351,.427,.778,117,.337,115,35,0,2,0,1,0,6,,winnma01
204,Luisangel Acuña,23,NYM,NL,0.5,30,93,84,14,25,6,0,0,4,8,1,8,18,.298,.355,.369,.724,109,.338,107,31,3,0,0,1,0,4/H65,,acunajo01
205,Miguel Andujar,30,ATH,AL,0.3,24,93,86,10,28,2,1,2,11,1,0,6,11,.326,.366,.442,.807,130,.365,133,38,2,0,0,1,0,7/5H3D,,andujmi01
206,Gabriel Moreno,25,ARI,NL,-0.3,28,93,82,15,20,3,0,0,5,0,0,10,16,.244,.333,.280,.614,74,.289,75,23,2,1,0,0,0,2/H,,morenga01
207,Brayan Rocchio,24,CLE,AL,-0.7,32,93,82,7,15,3,0,0,6,1,2,5,19,.183,.258,.220,.478,40,.214,34,18,3,4,0,2,0,6/H,,rocchbr01
208,Corey Seager,31,TEX,AL,1.4,23,93,86,10,25,2,0,4,8,0,0,7,16,.291,.344,.453,.798,131,.347,128,39,1,0,0,0,1,6/D,,seageco01
209,Alek Thomas,25,ARI,NL,0.3,27,93,86,10,26,6,2,0,13,3,1,4,20,.302,.344,.419,.763,112,.336,107,36,2,2,0,1,0,8/HD,,thomaal01
210,Enmanuel Valdéz,26,PIT,NL,0.1,28,93,82,7,17,3,2,2,12,0,0,11,15,.207,.301,.366,.667,86,.300,84,30,2,0,0,0,0,3/4H9,,valdeen01
211,Jose Iglesias,35,SDP,NL,-0.2,26,92,83,4,20,4,0,0,10,2,0,3,14,.241,.300,.289,.589,67,.292,74,24,1,4,2,0,0,4/567,,iglesjo01
212,Matt Mervis,27,MIA,NL,-0.2,26,92,82,11,16,2,0,7,14,0,0,7,35,.195,.272,.476,.747,100,.338,105,39,0,2,0,1,1,3/DH,,mervima01
213,Jeimer Candelario,31,CIN,NL,-0.9,22,91,80,3,9,2,0,2,10,0,1,9,29,.113,.198,.213,.410,13,.187,2,17,1,0,0,2,0,5/3D,,candeje01
214,Trent Grisham,28,NYY,AL,1.1,28,91,81,16,24,1,0,8,15,0,1,9,18,.296,.374,.605,.979,175,.423,183,49,0,1,0,0,0,8,,grishtr01
215,Tyler Fitzgerald,27,SFG,NL,0.9,25,90,81,14,23,4,1,2,7,5,1,6,20,.284,.341,.432,.773,123,.358,129,35,0,1,2,0,0,4,,fitzgty01
216,Nolan Jones,27,CLE,AL,-0.8,30,90,77,5,12,5,0,1,5,2,1,13,30,.156,.278,.260,.538,56,.247,52,20,2,0,0,0,1,98/H7,,jonesno01
217,Carlos Narváez,26,BOS,AL,0.8,24,90,84,11,18,4,0,3,10,0,1,6,21,.214,.267,.369,.636,77,.276,72,31,2,0,0,0,0,2,,narvaca01
218,Taylor Walls,28,TBR,AL,0.9,30,90,78,11,15,1,0,1,7,4,0,10,20,.192,.278,.244,.521,52,.262,55,19,1,0,0,2,0,6/HD,,wallsta01
219,Heston Kjerstad,26,BAL,AL,-0.5,30,89,83,10,17,3,0,3,12,1,0,2,25,.205,.247,.349,.597,73,.264,68,29,4,3,0,1,0,7/9HD,,kjershe01
220,Bo Naylor,25,CLE,AL,0.4,25,89,76,10,14,2,0,5,11,1,1,11,18,.184,.284,.408,.692,97,.311,101,31,1,0,1,1,0,2/H,,naylobo01
221,Cam Smith,22,HOU,AL,0.5,24,89,78,9,16,1,1,3,10,1,0,9,26,.205,.303,.359,.662,90,.303,90,28,1,2,0,0,0,9,,smithca07
222,Nick Allen,26,ATL,NL,0.5,26,88,82,7,22,4,0,0,7,5,2,4,23,.268,.318,.317,.635,79,.291,75,26,1,2,0,0,0,6/H,,allenni02
223,Ernie Clement,29,TOR,AL,0.2,32,88,81,6,18,4,0,0,5,1,1,4,12,.222,.256,.272,.527,52,.233,41,22,3,0,2,1,0,5/H46,,clemeer01
224,Kyle Isbel,28,KCR,AL,0.2,31,88,83,8,20,2,1,2,11,1,1,1,19,.241,.244,.361,.606,70,.251,53,30,1,0,2,2,0,8/H,,isbelky01
225,Pedro Pagés,26,STL,NL,-0.1,25,88,85,9,19,6,0,2,13,0,0,2,19,.224,.239,.365,.603,67,.271,64,31,2,0,0,1,0,2/4,,pagespe02
226,Jake Fraley,30,CIN,NL,0.5,26,87,74,12,16,3,0,3,9,3,2,13,15,.216,.333,.378,.712,96,.330,103,28,0,0,0,0,0,9/H,,fraleja01
227,Jorge Polanco,31,SEA,AL,1.4,25,87,79,14,30,5,0,9,26,1,1,5,11,.380,.419,.785,1.203,251,.513,259,62,0,1,1,1,0,D/5H43,,polanjo01
228,Santiago Espinal,30,CIN,NL,0.4,26,86,79,8,27,5,0,0,8,0,1,7,7,.342,.395,.405,.800,121,.349,118,32,2,0,0,0,0,4/5796H,,espinsa01
229,Luke Raley,30,SEA,AL,0.2,24,84,68,10,14,2,0,2,8,2,1,10,20,.206,.345,.324,.669,102,.307,106,22,0,5,0,1,0,9/3DH8,,raleylu01
230,Alan Roden,25,TOR,AL,-0.3,28,84,73,7,13,3,0,1,5,0,0,5,18,.178,.262,.260,.522,51,.240,45,19,0,4,0,2,0,7/9H8,,rodenal01
231,Danny Jansen,30,TBR,AL,0.5,24,83,68,5,10,2,0,1,5,0,0,15,20,.147,.301,.221,.522,54,.266,66,15,3,0,0,0,0,2/H,,janseda01
232,Hunter Renfroe,33,KCR,AL,-1.4,24,83,75,2,12,3,0,0,4,0,0,7,16,.160,.229,.200,.429,24,.200,15,15,3,0,0,1,0,9/HD,,renfrhu01
233,Jose Trevino,32,CIN,NL,0.7,27,83,76,15,23,6,0,3,9,0,0,5,10,.303,.341,.500,.841,128,.364,125,38,2,0,1,1,0,2,,trevijo01
234,Jordan Beck,24,COL,NL,0.4,24,82,73,14,19,3,2,5,11,4,1,8,28,.260,.329,.562,.891,137,.414,154,41,1,0,0,1,0,7/H,,beckjo01
235,Leody Taveras,26,TEX,AL,0.0,30,82,79,7,19,3,1,1,8,6,1,2,23,.241,.259,.342,.601,74,.273,65,27,0,0,1,0,0,8/H,,taverle01
236,Ramón Urías,31,BAL,AL,0.6,22,82,72,5,21,2,0,2,9,0,0,8,16,.292,.354,.403,.756,122,.337,123,29,2,0,0,2,0,5/DH,,uriasra01
237,Alex Call,30,WSN,NL,0.5,23,79,61,11,21,3,1,0,12,1,0,14,7,.344,.449,.426,.875,152,.408,164,26,1,0,1,3,0,9/7H,,callal02
238,Sean Murphy,30,ATL,NL,0.7,19,79,69,11,15,2,0,7,14,0,0,7,26,.217,.316,.551,.867,137,.383,142,38,2,3,0,0,0,2/DH,,murphse01
239,José Caballero,28,TBR,AL,0.7,27,78,69,7,16,4,1,1,11,8,3,9,26,.232,.321,.362,.683,96,.323,103,25,0,0,0,0,0,569/H7,,cabaljo01
240,Garrett Mitchell,26,MIL,NL,0.1,25,78,68,9,14,4,1,0,3,3,0,7,25,.206,.286,.294,.580,63,.272,57,20,0,1,1,1,0,8/H,,mitchga01
241,Dylan Moore,32,SEA,AL,0.9,23,78,70,16,20,1,0,6,9,5,4,7,17,.286,.346,.557,.903,166,.387,171,39,0,0,0,1,0,/459H3D6,,mooredy01
242,Jesse Winker,31,NYM,NL,0.1,24,78,67,8,16,5,2,1,10,1,0,9,20,.239,.321,.418,.738,111,.319,102,28,1,0,0,2,1,D/H7,,winkeje01
243,Carson Kelly,30,CHC,NL,1.7,19,76,57,15,21,2,1,7,22,0,0,17,6,.368,.513,.807,1.320,269,.537,256,46,1,1,0,1,0,2/H,,kellyca02
244,Justyn-Henry Malloy,25,DET,AL,-0.1,26,76,58,9,10,3,0,1,8,0,0,15,20,.172,.342,.276,.618,82,.292,85,16,1,1,0,2,0,D/H97,,malloju02
245,Kiké Hernández,33,LAD,NL,0.3,25,75,67,8,12,1,0,5,13,0,0,6,21,.179,.243,.418,.661,85,.311,96,28,2,0,1,1,0,3/4HD157,,hernaen02
246,Tim Tawa,26,ARI,NL,0.5,21,75,63,11,12,2,0,5,11,2,0,9,16,.190,.293,.460,.754,107,.342,109,29,2,1,0,2,0,4/H,,tawati01
247,Drew Waters,26,KCR,AL,0.6,21,75,71,7,20,3,2,1,7,1,1,3,20,.282,.320,.423,.743,109,.335,116,30,0,1,0,0,0,7/98,,waterdr01
248,Nick Martini,35,COL,NL,0.1,28,74,66,6,16,2,0,0,2,0,0,8,10,.242,.324,.273,.597,65,.283,64,18,1,0,0,0,1,9H/D7,,martini02
249,Tyler O'Neill,30,BAL,AL,0.3,18,74,65,8,14,3,1,2,10,0,0,5,21,.215,.284,.385,.668,95,.290,88,25,1,2,0,2,0,9/7D,,oneilty01
250,Rowdy Tellez,30,SEA,AL,0.0,26,74,67,9,13,2,0,4,14,0,0,4,19,.194,.257,.403,.660,94,.288,92,27,3,2,0,1,0,3/DH,,tellero01
251,Luis Torrens,29,NYM,NL,0.4,24,74,68,3,16,7,0,1,10,0,0,6,17,.235,.297,.382,.680,95,.315,101,26,1,0,0,0,0,2/H,,torrelu01
252,Luis Urías,28,ATH,AL,0.5,23,74,61,8,15,0,0,5,9,0,0,10,9,.246,.342,.492,.834,135,.371,141,30,5,0,0,2,0,4/5H,,uriaslu01
253,Nolan Gorman,25,STL,NL,-0.3,20,73,60,9,10,5,0,1,9,0,1,10,21,.167,.274,.300,.574,61,.246,50,18,0,0,0,3,1,4/5DH,,gormano01
254,Liam Hicks,26,MIA,NL,0.1,22,73,62,6,15,3,0,1,15,0,0,6,10,.242,.324,.339,.663,82,.302,79,21,1,2,2,1,0,2/H,,hicksli01
255,Jake Mangum,29,TBR,AL,0.8,21,73,68,7,23,4,0,0,7,8,0,5,7,.338,.384,.397,.781,126,.369,121,27,2,0,0,0,0,9/87,,manguja01
256,Noelvi Marté,23,CIN,NL,0.7,19,73,68,10,20,4,1,3,17,4,1,5,12,.294,.342,.515,.857,132,.389,139,35,2,0,0,0,0,5/H,,marteno01
257,Brendan Rodgers,28,HOU,AL,-0.1,23,73,64,6,15,3,0,0,7,0,1,7,24,.234,.315,.281,.596,74,.269,73,18,2,1,0,1,0,4/DH,,rodgebr02
258,Miguel Amaya,26,CHC,NL,0.5,19,72,67,9,17,6,0,2,14,0,0,2,16,.254,.282,.433,.715,100,.321,102,29,0,1,1,1,0,2/DH,,amayami01
259,Willi Castro,28,MIN,AL,-0.1,18,72,66,7,15,6,0,1,5,1,0,3,15,.227,.292,.364,.655,84,.292,78,24,0,3,0,0,0,4/5617,,castrwi01
260,Griffin Conine,27,MIA,NL,0.3,20,71,64,10,18,7,0,1,7,0,1,7,19,.281,.352,.438,.790,115,.356,124,28,0,0,0,0,0,7/9DH,,coningr01
261,Elias Díaz,34,SDP,NL,0.2,24,71,62,9,14,1,0,3,6,0,0,8,13,.226,.314,.387,.701,96,.316,95,24,3,0,1,0,0,2/H,,diazel01
262,Ángel Martínez,23,CLE,AL,0.1,21,71,68,6,22,4,1,0,6,2,0,1,13,.324,.329,.412,.740,112,.321,101,28,1,0,1,1,0,8/49H7,,martian02
263,Max Muncy,22,ATH,AL,-0.6,21,71,68,4,12,4,0,1,4,0,0,3,21,.176,.211,.279,.491,39,.217,28,19,1,0,0,0,0,4/56H,,muncyma02
264,Johan Rojas,24,PHI,NL,0.3,24,71,63,8,19,2,1,1,10,4,1,5,19,.302,.343,.413,.756,110,.334,103,26,1,0,1,2,0,8/H,,rojasjo03
265,Jhonkensy Noel,23,CLE,AL,-0.4,27,70,67,8,11,1,0,2,8,0,0,2,21,.164,.186,.269,.454,29,.199,17,18,3,0,0,1,0,9H/D,,noeljh01
266,Daniel Schneemann,28,CLE,AL,0.7,25,70,62,9,17,5,0,4,10,0,1,7,19,.274,.348,.548,.896,153,.389,161,34,2,0,1,0,0,4/85H97,,schneda04
267,Michael A. Taylor,34,CHW,AL,-0.1,28,70,66,9,13,5,1,1,6,3,0,4,19,.197,.243,.348,.591,69,.265,58,23,1,0,0,0,0,9/H78D,,taylomi02
268,Ezequiel Tovar,23,COL,NL,0.0,16,70,66,4,14,4,1,0,4,2,2,3,13,.212,.257,.303,.560,52,.254,49,20,0,1,0,0,0,6,,tovarez01
269,Jonah Bride,29,2TM,2LG,-0.4,22,70,63,4,11,0,0,0,5,0,0,6,21,.175,.243,.175,.417,18,.204,10,11,0,0,0,1,1,/5DH3,,bridejo01
269,Jonah Bride,29,MIA,NL,-0.5,12,45,40,3,4,0,0,0,2,0,0,5,15,.100,.200,.100,.300,-14,.163,-22,4,0,0,0,0,1,/D35H,,bridejo01
269,Jonah Bride,29,MIN,AL,0.1,10,25,23,1,7,0,0,0,3,0,0,1,6,.304,.320,.304,.624,78,.276,68,7,0,0,0,1,0,/5HD,,bridejo01
270,Brooks Lee,24,MIN,AL,0.4,20,69,63,4,16,3,0,2,5,0,0,6,7,.254,.319,.397,.716,101,.317,98,25,1,0,0,0,0,5/46H,,leebr02
271,Dane Myers,29,MIA,NL,0.8,24,69,64,10,22,3,0,3,13,5,1,5,17,.344,.391,.531,.923,150,.424,160,34,1,0,0,0,0,8/H9,,myersda01
272,Blake Dunn,26,CIN,NL,0.1,26,68,53,9,9,2,0,1,7,1,0,8,22,.170,.353,.264,.617,73,.308,82,14,1,7,0,0,0,97/8H,,dunnbl01
273,Matt Shaw,23,CHC,NL,0.0,18,68,58,11,10,1,0,1,3,0,0,10,18,.172,.294,.241,.535,55,.253,54,14,0,0,0,0,0,5/H,,shawma01
274,Matt Thaiss,30,CHW,AL,0.6,22,68,52,6,11,4,0,1,7,0,1,14,13,.212,.382,.346,.729,113,.342,127,18,2,1,0,1,0,2/H3,,thaisma01
275,Will Wagner,26,TOR,AL,-0.2,20,68,59,4,11,2,0,0,2,1,0,8,15,.186,.284,.220,.504,47,.271,65,13,0,0,1,0,0,5/D3H,,wagnewi01
276,Starling Marte,36,NYM,NL,0.1,23,67,57,7,11,2,0,2,12,3,0,4,12,.193,.299,.333,.632,82,.315,94,19,0,5,0,1,0,D/H9,,martest01
277,Javier Sanoja,22,MIA,NL,0.2,21,67,62,10,18,3,0,1,8,1,2,3,14,.290,.318,.387,.705,92,.297,85,24,0,0,1,1,0,7/4H15683,,sanojja01
278,Matt Wallner,27,MIN,AL,0.7,18,67,57,7,15,5,2,1,3,0,0,9,19,.263,.373,.474,.847,137,.395,154,27,0,1,0,0,0,9/DH,,wallnma01
279,Graham Pauley,24,MIA,NL,-0.3,19,66,61,4,14,5,0,0,5,0,0,3,16,.230,.262,.311,.573,56,.251,42,19,1,0,1,1,0,5/34,,paulegr01
280,Mitch Garver,34,SEA,AL,0.4,21,65,51,6,12,1,0,1,6,2,0,13,17,.235,.400,.314,.714,118,.346,128,16,3,1,0,0,0,DH/2,,garvemi01
281,Jarred Kelenic,25,ATL,NL,-0.6,23,65,60,7,10,2,0,2,2,0,1,5,23,.167,.231,.300,.531,47,.232,40,18,1,0,0,0,0,9/H7,,kelenja01
282,Miles Mastrobuoni,29,SEA,AL,-0.1,24,65,55,8,12,1,0,0,3,1,2,8,7,.218,.317,.236,.554,70,.252,73,13,1,0,2,0,0,5/H947,,mastrmi01
283,Ben Williamson,24,SEA,AL,0.2,16,65,62,11,15,3,0,1,8,0,1,3,13,.242,.277,.339,.616,84,.267,82,21,1,0,0,0,0,5/H,,willibe03
284,Tim Anderson,32,LAA,AL,0.0,22,64,60,6,12,1,0,0,3,1,0,2,19,.200,.238,.217,.455,31,.210,18,13,1,1,1,0,0,6/4H,,anderti01
285,Amed Rosario,29,WSN,NL,0.0,19,64,63,10,16,4,0,2,7,1,0,1,7,.254,.266,.413,.678,91,.311,93,26,1,0,0,0,0,5/4H16D,,rosaram01
286,Jason Heyward,35,SDP,NL,-0.3,22,63,55,6,11,2,0,1,7,0,1,5,14,.200,.258,.291,.549,54,.233,41,16,0,0,0,2,0,7/H98,,heywaja01
287,Jacob Stallings,35,COL,NL,-0.3,18,63,55,4,10,3,0,0,6,0,0,5,24,.182,.274,.236,.511,41,.241,33,13,1,2,1,0,0,2/H,,stallja01
288,Drake Baldwin,24,ATL,NL,0.1,18,61,55,4,14,2,0,2,6,0,0,6,11,.255,.328,.400,.728,103,.327,102,22,1,0,0,0,0,2/HD,,baldwdr01
289,Freddy Fermin,30,KCR,AL,0.5,21,61,56,7,15,1,0,1,4,0,0,3,10,.268,.317,.339,.656,87,.293,82,19,1,1,1,0,0,2/HD,,fermifr01
290,Kyle Higashioka,35,TEX,AL,0.1,17,61,59,3,15,5,0,1,8,0,0,2,10,.254,.279,.390,.669,93,.292,87,23,1,0,0,0,0,2/D,,higasky01
291,Nick Maton,28,CHW,AL,0.0,23,61,52,5,9,2,0,2,4,0,1,9,18,.173,.295,.327,.622,80,.277,81,17,0,0,0,0,0,D/H347,,matonni01
292,Zach Neto,24,LAA,AL,1.1,15,61,59,8,17,5,0,4,8,5,1,1,17,.288,.311,.576,.888,146,.392,146,34,2,1,0,0,0,6,,netoza01
293,Alex Verdugo,29,ATL,NL,0.3,13,61,56,8,17,5,0,0,6,0,0,5,4,.304,.361,.393,.754,111,.340,111,22,0,0,0,0,0,7,,verdual01
294,Jon Berti,35,CHC,NL,0.4,22,60,54,10,15,2,0,0,1,7,0,4,12,.278,.350,.315,.665,91,.346,100,17,1,2,0,0,0,5/4H9,,bertijo01
295,Christian Encarnacion-Strand,25,CIN,NL,-0.7,15,60,57,4,9,2,0,2,5,0,1,1,13,.158,.183,.298,.482,30,.200,14,17,1,1,0,1,0,3,,encarch01
296,Eli White,31,ATL,NL,0.7,25,60,56,15,17,5,2,2,8,2,1,4,14,.304,.350,.571,.921,153,.420,169,32,0,0,0,0,0,97/HD8,,whiteel04
297,Jacob Amaya,26,CHW,AL,-0.8,27,59,53,5,5,1,0,0,6,2,0,2,14,.094,.121,.113,.234,-32,.117,-50,6,1,0,1,3,0,6/H,,amayaja01
298,Sean Bouchard,29,COL,NL,-0.6,23,59,53,6,9,0,1,1,6,1,0,6,21,.170,.254,.264,.518,41,.259,44,14,1,0,0,0,0,9H/D73,,bouchse01
299,Ramón Laureano,30,BAL,AL,0.3,24,59,54,4,10,3,0,3,6,1,0,4,18,.185,.237,.407,.645,85,.280,78,22,3,0,0,1,0,79/H8D,,laurera01
300,Jesús Sánchez,27,MIA,NL,-0.4,15,59,51,3,10,2,0,1,4,1,0,8,15,.196,.305,.294,.599,65,.283,63,15,1,0,0,0,0,8/9HD,,sanchje02
301,Brett Baty,25,NYM,NL,0.3,19,58,54,4,11,3,1,1,4,1,0,3,19,.204,.246,.352,.597,70,.266,62,19,2,0,0,0,0,4/5H,,batybr01
302,Austin Hays,29,CIN,NL,1.0,13,58,52,15,19,3,0,5,13,1,0,6,13,.365,.431,.712,1.143,208,.484,209,37,1,0,0,0,1,/7DH,,haysau01
303,Chandler Simpson,24,TBR,AL,0.1,14,58,54,9,16,1,0,0,4,6,1,3,7,.296,.333,.315,.648,88,.298,76,17,1,0,0,0,0,8/H,,simpsch01
304,Justin Turner,40,CHC,NL,-0.2,20,58,48,4,8,0,0,0,6,1,0,7,14,.167,.276,.167,.443,30,.241,42,8,0,1,0,2,0,3/HD5,,turneju01
305,Cavan Biggio,30,KCR,AL,-0.1,23,57,47,6,9,0,0,1,3,1,0,8,15,.191,.321,.255,.577,67,.282,71,12,0,1,1,0,0,/3DH9457,,biggica01
306,Paul DeJong,31,WSN,NL,0.0,16,57,54,3,11,4,0,0,2,2,0,2,24,.204,.246,.278,.523,49,.246,44,15,1,1,0,0,0,5/6,,dejonpa01
307,Caleb Durbin,25,MIL,NL,0.0,16,57,50,6,12,3,0,1,10,1,1,2,3,.240,.316,.360,.676,90,.300,87,18,1,4,0,1,0,5/4H,,durbica01
308,Andy Ibáñez,32,DET,AL,0.6,23,57,50,7,12,1,0,2,10,2,0,5,3,.240,.333,.380,.713,106,.327,105,19,1,2,0,0,0,5H/437,,ibanean01
309,Connor Norby,25,MIA,NL,0.1,15,57,54,11,12,3,0,1,3,2,0,1,21,.222,.263,.333,.596,62,.277,56,18,0,2,0,0,0,5/H,,norbyco01
310,Myles Straw,30,TOR,AL,0.6,26,57,52,8,14,3,0,1,3,2,1,3,11,.269,.309,.385,.694,98,.301,90,20,0,0,2,0,0,8/H7,,strawmy01
311,Jared Triolo,27,PIT,NL,0.1,22,57,52,1,8,3,0,0,1,2,0,3,6,.154,.211,.212,.422,19,.221,22,11,1,1,0,1,0,/346H5,,triolja01
312,Edgar Quero,22,CHW,AL,0.8,16,56,47,6,16,3,0,0,8,0,0,7,5,.340,.446,.404,.851,149,.405,168,19,0,2,0,0,0,2/HD,,queroed01
313,Romy González,28,BOS,AL,0.5,16,55,49,10,16,6,0,0,6,3,1,4,12,.327,.382,.449,.831,134,.386,145,22,1,1,0,1,0,3/H45,,gonzaro01
314,Randal Grichuk,33,ARI,NL,-0.3,24,55,51,5,11,8,0,0,6,0,0,4,14,.216,.273,.373,.645,79,.276,66,19,2,0,0,0,1,DH/9,,grichra01
315,Nathan Lukes,30,TOR,AL,0.5,21,55,44,9,12,2,0,1,9,0,2,7,8,.273,.389,.386,.775,124,.333,128,17,1,2,1,1,0,8/7H9,,lukesna01
316,Brandon Marsh,27,PHI,NL,-0.8,19,55,46,4,6,1,0,1,6,0,1,7,16,.130,.241,.217,.458,30,.208,23,10,1,0,1,1,0,8/7H,,marshbr02
317,Curtis Mead,24,TBR,AL,-0.3,22,55,48,1,8,1,0,0,3,1,0,4,12,.167,.255,.188,.442,30,.217,27,9,2,2,0,1,0,3/H45D,,meadcu01
318,Christian Vázquez,34,MIN,AL,0.1,18,55,48,3,9,4,0,0,2,0,1,6,9,.188,.273,.271,.544,54,.257,61,13,1,0,0,1,0,2/H,,vazquch01
319,Joshua Palacios,29,CHW,AL,-0.2,22,54,44,5,8,0,0,1,4,0,0,7,15,.182,.333,.250,.583,72,.283,79,11,0,3,0,0,0,9/H7D,,palacjo01
320,José Tena,24,WSN,NL,0.1,18,54,52,5,12,2,1,0,5,0,1,2,16,.231,.259,.308,.567,61,.243,54,16,0,0,0,0,0,5/H,,tenajo01
321,Tyler Wade,30,SDP,NL,0.2,17,53,43,4,13,1,1,0,3,0,2,8,14,.302,.412,.372,.784,122,.338,127,16,0,0,2,0,0,8/4H,,wadety01
322,Isaac Collins,27,MIL,NL,0.3,22,52,47,7,12,4,0,1,2,2,0,4,11,.255,.327,.404,.731,104,.352,115,19,1,1,0,0,0,7/HD459,,colliis01
323,Oscar González,27,SDP,NL,-0.3,18,52,50,2,12,1,0,0,4,0,1,2,10,.240,.269,.260,.529,50,.230,41,13,1,0,0,0,0,7/9DH,,gonzaos01
324,MJ Melendez,26,KCR,AL,-0.4,16,52,47,4,4,1,0,1,1,0,0,3,20,.085,.173,.170,.343,-2,.166,-9,8,0,2,0,0,0,7/9HD,,melenmj01
325,Donovan Solano,37,SEA,AL,-0.5,20,52,50,1,7,1,0,0,1,0,0,1,14,.140,.154,.160,.314,-6,.157,-4,8,1,0,0,1,0,3/H5,,solando01
326,Vinny Capra,28,MIL,NL,-0.4,22,51,46,6,3,0,0,1,4,0,0,2,14,.065,.120,.130,.250,-30,.157,-20,6,3,1,1,1,0,5/H46D,,capravi01
327,Victor Caratini,31,HOU,AL,0.2,17,50,43,8,10,3,0,1,2,0,0,6,10,.233,.340,.372,.712,105,.323,107,16,2,1,0,0,0,2/H3D,,caratvi01
328,Bryan De La Cruz,28,ATL,NL,-0.3,16,50,47,1,9,1,0,0,0,1,0,3,18,.191,.240,.213,.453,28,.234,33,10,1,0,0,0,0,7/H9D,,delacbr01
329,Mauricio Dubón,30,HOU,AL,-0.1,19,50,46,4,10,2,0,0,6,2,0,3,3,.217,.265,.261,.526,53,.249,45,12,0,0,1,0,0,4/75H389,,dubonma01
330,Endy Rodríguez,25,PIT,NL,-0.5,15,50,45,4,8,3,0,0,2,0,1,5,12,.178,.260,.244,.504,43,.227,39,11,0,0,0,0,0,3/2H,,rodrien01
331,Miguel Rojas,36,LAD,NL,-0.2,19,50,49,3,13,2,0,1,3,0,0,1,8,.265,.280,.367,.647,83,.283,76,18,2,0,0,0,0,/4651H,,rojasmi02
332,Zach Dezenzo,25,HOU,AL,0.2,17,49,46,10,13,3,0,1,6,1,0,3,15,.283,.327,.413,.740,111,.329,108,19,1,0,0,0,0,/973DH,,dezenza01
333,Martín Maldonado,38,SDP,NL,-0.2,19,49,48,2,11,1,0,1,2,0,0,1,13,.229,.245,.313,.557,55,.247,46,15,2,0,0,0,0,2,,maldoma01
334,Luis Matos,23,SFG,NL,-0.3,15,49,46,6,9,2,0,2,2,1,0,3,4,.196,.245,.370,.614,76,.274,71,17,4,0,0,0,0,/978DH,,matoslu02
335,Chase Meidroth,23,CHW,AL,0.6,13,49,40,9,11,1,0,0,2,2,0,9,6,.275,.408,.300,.708,109,.363,130,12,1,0,0,0,0,6/4,,meidrch01
336,Derek Hill,29,MIA,NL,0.3,11,48,42,7,7,2,0,1,3,3,0,3,17,.167,.239,.286,.525,43,.252,30,12,0,1,2,0,0,8/D,,hillde01
337,Lane Thomas,29,CLE,AL,-0.5,13,48,45,2,7,1,0,0,2,1,0,1,15,.156,.188,.178,.365,6,.170,-8,8,3,1,0,1,0,8/H,,thomala02
338,Jake Bauers,29,MIL,NL,0.1,20,47,40,6,9,2,0,2,8,1,0,7,18,.225,.340,.425,.765,114,.343,111,17,0,0,0,0,0,3H/179D,,bauerja01
339,David Hamilton,27,BOS,AL,0.1,17,47,44,6,7,1,0,1,3,5,0,2,12,.159,.196,.250,.446,25,.226,11,11,0,0,1,0,0,4/6HD,,hamilda03
340,Jake McCarthy,27,ARI,NL,-0.6,14,47,41,2,3,1,0,0,3,1,0,4,6,.073,.170,.098,.268,-23,.146,-30,4,0,1,0,1,0,/87HD,,mccarja02
341,Leo Rivas,27,SEA,AL,0.7,16,46,37,10,14,1,0,0,3,4,0,9,6,.378,.500,.405,.905,176,.433,182,15,1,0,0,0,0,4/HD,,rivasle01
342,Víctor Robles,28,SEA,AL,-0.3,10,46,44,3,12,3,0,0,3,3,0,0,7,.273,.283,.341,.624,86,.284,77,15,1,1,0,1,0,9,,roblevi01
343,Travis d'Arnaud,36,LAA,AL,0.0,14,45,42,2,10,4,0,0,1,0,0,2,12,.238,.289,.333,.622,77,.279,72,14,1,1,0,0,0,2/HD,,darnatr01
344,Agustín Ramírez,23,MIA,NL,-0.1,11,45,43,5,10,5,0,3,5,1,1,2,7,.233,.267,.558,.825,119,.338,110,24,1,0,0,0,0,/2D,,ramirag01
345,Ben Rortvedt,27,TBR,AL,-0.4,16,45,39,2,3,1,0,0,3,0,0,6,8,.077,.200,.103,.303,-9,.160,-11,4,0,0,0,0,0,2,,rortvbe01
346,Edmundo Sosa,29,PHI,NL,0.6,16,45,40,7,14,4,0,0,8,0,0,4,9,.350,.400,.450,.850,138,.392,149,18,0,0,0,1,0,/46H578D,,sosaed01
347,Jack Suwinski,26,PIT,NL,-0.2,16,45,39,4,5,1,0,0,1,3,0,6,19,.128,.244,.154,.398,15,.208,5,6,1,0,0,0,1,/789DH,,suwinja01
348,Jake Cronenworth,31,SDP,NL,0.1,12,44,35,7,9,2,0,2,5,0,0,8,9,.257,.409,.486,.895,150,.398,154,17,0,1,0,0,0,4/H,,croneja01
349,Ryan Kreidler,27,DET,AL,-0.2,17,44,38,5,4,0,0,0,0,2,0,4,19,.105,.190,.105,.296,-11,.164,-21,4,0,0,2,0,0,8,,kreidry01
350,Thomas Saggese,23,STL,NL,0.1,14,44,41,4,14,4,0,1,7,0,0,2,11,.341,.364,.512,.876,143,.375,137,21,1,0,0,1,0,/645H,,saggeth01
351,Adael Amador,22,COL,NL,-0.2,15,43,39,2,7,3,0,1,3,1,0,2,14,.179,.238,.333,.571,53,.261,43,13,1,1,1,0,0,4/H,,amadoad01
352,José Herrera,28,ARI,NL,-0.1,12,43,37,6,6,1,0,1,4,0,0,3,11,.162,.225,.270,.495,38,.226,25,10,0,0,3,0,0,2,,herrejo04
353,Brandon Lockridge,28,SDP,NL,0.4,16,43,38,5,8,3,0,0,2,4,0,3,9,.211,.268,.289,.558,57,.274,47,11,1,0,2,0,0,/87H,,lockrbr01
354,Alexander Canario,25,PIT,NL,-0.4,15,42,38,5,5,0,0,1,2,0,0,4,10,.132,.214,.211,.425,20,.224,30,8,1,0,0,0,0,/798H,,canaral01
355,Seth Brown,32,ATH,AL,-0.3,23,41,34,4,7,2,0,1,2,1,0,5,12,.206,.341,.353,.694,99,.323,101,12,2,2,0,0,0,H/79D8,,brownse01
356,Kris Bryant,33,COL,NL,-0.5,11,41,39,2,6,2,0,0,1,0,0,2,13,.154,.195,.205,.400,9,.184,-6,8,1,0,0,0,0,D/H,,bryankr01
357,Oliver Dunn,27,MIL,NL,-0.3,14,41,36,4,6,2,0,0,6,1,0,2,11,.167,.205,.222,.427,20,.198,2,8,0,0,2,1,0,5/3H,,dunnol01
358,Jackson Merrill,22,SDP,NL,0.6,10,41,37,7,14,2,0,3,10,1,1,3,7,.378,.415,.676,1.090,200,.456,200,25,1,0,0,1,0,8,,merrija01
359,Luken Baker,28,STL,NL,-0.2,18,40,33,2,7,2,0,0,2,0,0,7,10,.212,.350,.273,.623,78,.297,82,9,3,0,0,0,0,D/H3,,bakerlu01
360,Yuli Gurriel,41,SDP,NL,-0.5,16,40,36,2,4,1,0,0,3,0,0,4,8,.111,.200,.139,.339,-3,.170,-9,5,0,0,0,0,0,D/H3,,gourryu01
361,Nick Kurtz,22,ATH,AL,-0.2,11,40,36,1,10,0,1,0,5,0,1,2,18,.278,.300,.333,.633,81,.265,72,12,2,0,0,2,0,3,,kurtzni01
362,Ketel Marte,31,ARI,NL,0.1,10,40,33,6,10,3,0,0,1,0,1,7,5,.303,.425,.394,.819,131,.364,138,13,1,0,0,0,0,4/DH,,marteke01
363,Oswald Peraza,25,NYY,AL,0.2,15,40,37,7,8,2,0,1,5,0,0,3,10,.216,.275,.351,.626,78,.275,71,13,0,0,0,0,0,5/4H6,,perazos02
364,Rob Refsnyder,34,BOS,AL,0.5,13,40,37,6,12,3,0,2,5,2,0,2,11,.324,.350,.568,.918,154,.424,166,21,2,0,0,1,0,/97H,,refsnro01
365,Addison Barger,25,TOR,AL,-0.2,14,39,36,2,5,3,0,0,2,0,0,2,7,.139,.205,.222,.427,23,.197,15,8,0,1,0,0,0,9/5H,,bargead01
366,Ryan Bliss,25,SEA,AL,-0.2,11,39,35,1,7,1,0,1,3,2,2,4,11,.200,.282,.314,.596,79,.257,79,11,2,0,0,0,0,4,,blissry01
367,Mickey Gasper,29,MIN,AL,-0.1,17,39,34,5,6,1,0,0,3,0,0,4,9,.176,.282,.206,.488,41,.255,53,7,0,1,0,0,0,/DH3427,,gaspemi01
368,Mark Canha,36,KCR,AL,0.0,15,38,33,6,10,2,0,0,2,0,0,3,8,.303,.368,.364,.732,110,.327,107,12,0,1,0,1,0,/7H3D9,,canhama01
369,Garrett Hampson,30,ARI,NL,0.2,16,38,28,10,5,0,0,0,0,2,1,9,9,.179,.378,.179,.557,62,.285,73,5,0,0,1,0,0,4/H658,,hampsga01
370,Austin Hedges,32,CLE,AL,0.4,13,38,30,3,4,0,0,2,2,1,0,7,14,.133,.297,.333,.631,82,.298,84,10,0,0,1,0,0,2/1,,hedgeau01
371,Kevin Pillar,36,TEX,AL,0.1,18,38,38,6,9,2,0,0,1,3,0,0,6,.237,.237,.289,.526,53,.245,39,11,0,0,0,0,0,/8H97D,,pillake01
372,Austin Barnes,35,LAD,NL,0.0,11,37,36,4,9,3,0,0,2,0,0,1,10,.250,.270,.333,.604,72,.266,64,12,1,0,0,0,0,2/3DH,,barneau01
373,Jace Jung,24,DET,AL,-0.2,12,37,30,5,3,0,0,0,2,0,0,7,10,.100,.270,.100,.370,13,.204,22,3,1,0,0,0,0,5/H,,jungja01
374,Christian Koss,27,SFG,NL,0.1,15,37,33,4,7,0,0,0,1,0,0,2,8,.212,.278,.212,.490,45,.281,79,7,0,1,1,0,0,/4H516,,kossch01
375,Zac Veen,23,COL,NL,-0.2,12,37,34,1,4,1,0,1,2,1,1,2,14,.118,.189,.235,.424,15,.184,-1,8,0,1,0,0,0,/79H,,veenza01
376,José Miranda,27,MIN,AL,-0.3,12,36,36,2,6,0,0,1,5,0,0,0,13,.167,.167,.250,.417,16,.180,-2,9,0,0,0,0,0,5/H,,miranjo01
377,Yohel Pozo,28,STL,NL,0.5,10,36,35,5,12,3,0,1,2,0,0,1,1,.343,.361,.514,.875,143,.383,144,18,1,0,0,0,0,/2DH,,pozoyo01
378,Austin Wynns,34,CIN,NL,0.6,12,36,33,6,13,1,0,3,11,0,0,3,11,.394,.444,.697,1.141,208,.486,212,23,1,0,0,0,0,2,,wynnsau01
379,Gary Sánchez,32,BAL,AL,-0.4,12,35,30,1,3,0,0,0,4,0,0,1,12,.100,.200,.100,.300,-8,.159,-7,3,0,3,0,1,0,2/1DH,,sanchga02
380,J.C. Escarra,30,NYY,AL,0.0,11,34,29,2,5,2,0,1,3,0,0,4,6,.172,.294,.345,.639,83,.291,83,10,1,1,0,0,0,/2H35D,,escarjc01
381,Dustin Harris,25,TEX,AL,0.3,15,34,31,4,7,2,0,1,1,1,1,3,10,.226,.294,.387,.681,97,.295,95,12,0,0,0,0,0,/78H9,,harridu01
382,Tyler Heineman,34,TOR,AL,0.8,13,34,32,6,13,3,0,1,6,1,0,1,7,.406,.412,.594,1.006,184,.427,176,19,0,0,0,1,0,2/H,,heinety01
383,Sam Huff,27,SFG,NL,0.0,12,34,30,2,7,1,0,1,3,0,0,3,12,.233,.294,.367,.661,91,.293,88,11,1,0,0,1,0,2,,huffsa01
384,Connor Wong,29,BOS,AL,0.1,11,34,30,2,4,0,0,0,0,1,0,3,9,.133,.235,.133,.369,8,.222,24,4,2,1,0,0,0,2/HD,,wongco01
385,Nasim Nuñez,24,WSN,NL,0.1,12,33,29,2,5,1,0,0,3,3,0,3,7,.172,.250,.207,.457,33,.242,29,6,1,0,1,0,0,6/4H,,nunezna01
386,Francisco Alvarez,23,NYM,NL,0.3,7,32,28,1,8,1,0,1,7,0,0,4,9,.286,.375,.429,.804,131,.362,134,12,0,0,0,0,0,/2,,alvarfr01
387,Chas McCormick,30,HOU,AL,0.1,22,32,25,4,7,1,0,0,0,1,1,4,10,.280,.379,.320,.699,104,.314,108,8,1,0,3,0,0,9/87HD,,mccorch01
388,Kevin Newman,31,LAA,AL,-0.4,13,32,31,3,5,0,0,0,1,0,0,0,7,.161,.161,.161,.323,-8,.142,-31,5,1,0,1,0,0,/65H4,,newmake01
389,Max Schuemann,28,ATH,AL,0.1,20,32,30,4,7,0,2,0,0,1,1,2,5,.233,.281,.367,.648,83,.277,77,11,2,0,0,0,0,5/H46879,,schuema01
390,Orlando Arcia,30,ATL,NL,-0.1,10,31,30,1,6,1,0,0,1,0,0,1,8,.200,.226,.233,.459,29,.239,40,7,0,0,0,0,0,6,,arciaor01
391,Henry Davis,25,PIT,NL,0.1,10,30,28,4,4,0,0,1,2,0,0,1,4,.143,.200,.250,.450,26,.268,61,7,0,1,0,0,0,/2H,,davishe01
392,Jeff McNeil,33,NYM,NL,0.1,7,30,26,3,7,0,1,1,4,0,0,3,2,.269,.333,.462,.795,127,.327,110,12,0,0,0,1,1,/4879,,mcneije01
393,Travis Jankowski,34,2TM,AL,-0.1,14,30,29,4,8,1,0,0,0,1,0,1,7,.276,.300,.310,.610,77,.277,68,9,0,0,0,0,0,/9H78,,jankotr01
393,Travis Jankowski,34,CHW,AL,-0.2,7,15,14,1,3,0,0,0,0,0,0,1,3,.214,.267,.214,.481,42,.220,33,3,0,0,0,0,0,/9H8,,jankotr01
393,Travis Jankowski,34,TBR,AL,0.1,7,15,15,3,5,1,0,0,0,1,0,0,4,.333,.333,.400,.733,110,.335,104,6,0,0,0,0,0,/79H,,jankotr01
394,DaShawn Keirsey Jr.,28,MIN,AL,-0.7,26,29,29,1,2,0,0,0,0,4,2,0,8,.069,.069,.069,.138,-61,.094,-63,2,0,0,0,0,0,H9/7D8,,keirsda01
395,Hayden Senger,28,NYM,NL,0.2,13,29,28,3,5,1,0,0,0,0,0,1,9,.179,.207,.214,.421,22,.190,12,6,0,0,0,0,0,2,,sengeha01
396,Jorge Mateo,30,BAL,AL,-0.5,16,28,28,1,4,2,0,0,0,5,1,0,10,.143,.143,.214,.357,3,.182,-8,6,1,0,0,0,0,/64HD18,,mateojo01
397,Yoán Moncada,30,LAA,AL,0.0,8,27,21,3,4,2,0,0,4,0,0,6,8,.190,.370,.286,.656,90,.306,92,6,0,0,0,0,0,/5H,,moncayo01
398,Tomás Nido,31,DET,AL,0.1,7,27,25,3,9,0,0,0,2,0,0,0,7,.360,.385,.360,.745,117,.336,118,9,1,1,1,0,0,/2,,nidoto01
399,Luke Keaschall,22,MIN,AL,0.4,7,26,19,4,7,3,0,0,2,5,0,5,2,.368,.538,.526,1.065,203,.521,212,10,0,2,0,0,0,/D4,,keasclu01
400,Jhonny Pereda,29,ATH,AL,0.1,9,26,24,0,5,1,0,0,1,0,0,2,8,.208,.269,.250,.519,50,.237,42,6,0,0,0,0,0,/21H,,peredjh01
401,Jonny DeLuca,26,TBR,AL,0.4,9,25,23,4,10,0,1,0,1,4,0,2,4,.435,.480,.522,1.002,189,.468,184,12,0,0,0,0,0,/8DH,,delucjo01
402,Nick Fortes,28,MIA,NL,0.3,8,25,23,1,7,2,1,0,3,0,0,0,5,.304,.333,.478,.812,119,.354,117,11,1,1,1,0,0,/2,,forteni01
403,Eric Haase,32,MIL,NL,0.2,12,24,21,5,6,1,0,1,3,0,0,2,8,.286,.348,.476,.824,129,.359,127,10,0,0,1,0,0,2,,haaseer01
404,Iván Herrera,25,STL,NL,0.5,7,24,21,6,8,2,0,4,11,0,0,3,5,.381,.458,1.048,1.506,308,.610,305,22,3,0,0,0,0,/2H,,herreiv01
405,Rafael Marchán,26,PHI,NL,-0.1,7,24,20,1,2,0,0,0,2,0,0,4,3,.100,.250,.100,.350,3,.193,7,2,1,0,0,0,0,/2,,marchra01
406,Casey Schmitt,26,SFG,NL,0.1,8,24,23,1,4,2,0,0,2,0,0,0,9,.174,.208,.261,.469,36,.249,57,6,0,1,0,0,0,/3H4D,,schmica01
407,Jose Siri,29,NYM,NL,-0.2,10,24,20,5,1,1,0,0,1,2,0,4,8,.050,.208,.100,.308,-7,.190,-2,2,0,0,0,0,0,/8H,,sirijo01
408,Alan Trejo,29,COL,NL,-0.2,7,23,22,2,5,2,0,0,0,0,0,0,5,.227,.227,.318,.545,46,.239,30,7,2,0,1,0,0,/6,,trejoal01
409,Riley Adams,29,WSN,NL,-0.1,8,22,22,2,4,1,0,1,5,0,0,0,11,.182,.182,.364,.545,51,.233,41,8,1,0,0,0,0,/2H,,adamsri03
410,Jake Rogers,30,DET,AL,0.4,6,22,18,3,4,0,1,0,0,0,0,4,5,.222,.364,.333,.697,104,.321,107,6,0,0,0,0,0,/2,,rogerja03
411,Bobby Dalbec,30,CHW,AL,0.1,7,21,18,2,4,1,0,0,1,0,0,3,6,.222,.333,.278,.611,80,.283,79,5,1,0,0,0,0,/36H5,,dalbebo01
412,Pablo Reyes,31,NYY,AL,-0.2,13,21,19,2,3,0,0,0,1,1,0,2,7,.158,.238,.158,.396,17,.207,13,3,0,0,0,0,0,/H945D,,reyespa01
413,Davis Schneider,26,TOR,AL,0.1,10,21,15,2,1,0,0,0,1,0,0,5,8,.067,.333,.067,.400,24,.285,78,1,1,1,0,0,0,/7H4,,schneda03
414,Aaron Schunk,27,COL,NL,0.0,7,21,20,1,5,1,0,0,0,0,0,0,5,.250,.250,.300,.550,49,.245,34,6,1,0,1,0,0,/6H,,schunaa01
415,Ronny Simón,25,MIA,NL,-0.1,7,21,18,3,4,2,0,0,2,0,0,3,2,.222,.333,.333,.667,84,.307,83,6,0,0,0,0,0,/7D,,simonro01
416,Stuart Fairchild,29,ATL,NL,-0.2,11,20,20,2,1,0,1,0,0,1,0,0,7,.050,.050,.150,.200,-47,.138,-41,3,1,0,0,0,0,/9HD,,faircst01
417,Manuel Margot,30,DET,AL,-0.1,6,20,19,1,6,0,0,0,3,0,0,0,6,.316,.300,.316,.616,79,.266,66,6,0,0,0,1,0,/9H,,margoma01
418,Austin Slater,32,CHW,AL,0.0,8,20,20,2,5,2,0,1,1,0,0,0,5,.250,.250,.500,.750,110,.320,106,10,0,0,0,0,0,/9HD,,slateau01
419,Chris Taylor,34,LAD,NL,-0.2,20,20,20,3,4,0,0,0,1,0,1,0,8,.200,.200,.200,.400,15,.152,1,4,1,0,0,0,0,7/H84,,tayloch03
420,Kody Clemens,29,2TM,2LG,0.0,13,20,19,2,2,1,0,1,2,0,0,1,3,.105,.150,.316,.466,27,.202,14,6,0,0,0,0,0,H/4739D,,clemeko01
420,Kody Clemens,29,PHI,NL,-0.1,7,7,6,0,0,0,0,0,0,0,0,1,0,.000,.143,.000,.143,-56,.100,-59,0,0,0,0,0,0,/H47D,,clemeko01
420,Kody Clemens,29,MIN,AL,0.1,6,13,13,2,2,1,0,1,2,0,0,0,3,.154,.154,.462,.615,65,.257,55,6,0,0,0,0,0,/4H379,,clemeko01
421,Will Wilson,26,CLE,AL,-0.1,8,19,16,1,3,0,0,0,0,0,0,2,6,.188,.316,.188,.503,50,.248,52,3,0,1,0,0,0,/54H1,,wilsowi03
422,Colton Cowser,25,BAL,AL,0.0,4,18,16,2,2,0,0,1,1,0,0,1,6,.125,.222,.313,.535,55,.244,55,5,0,1,0,0,0,/7,,cowseco01
423,Blake Sabol,27,BOS,AL,-0.2,8,18,16,2,2,1,0,0,1,0,0,1,7,.125,.167,.188,.354,0,.159,-17,3,1,0,0,1,0,/2DH,,sabolbl01
424,José Azócar,29,NYM,NL,0.0,7,17,17,3,5,0,0,0,1,0,0,0,1,.294,.294,.294,.588,71,.262,63,5,0,0,0,0,0,/879H,,azocajo01
425,Korey Lee,26,CHW,AL,0.2,9,17,15,3,5,2,0,0,1,0,0,2,3,.333,.412,.467,.878,154,.383,152,7,0,0,0,0,0,/2HD,,leeko01
426,Michael Siani,25,STL,NL,-0.4,18,17,16,4,4,0,0,0,0,0,0,1,6,.250,.294,.250,.544,55,.255,52,4,0,0,0,0,0,8/H,,sianimi01
427,Daulton Varsho,28,TOR,AL,0.3,5,17,14,3,3,0,0,2,3,1,0,3,7,.214,.353,.643,.996,178,.418,168,9,0,0,0,0,1,/8H,,varshda01
428,Gage Workman,25,2TM,2LG,-0.3,12,17,16,0,3,1,0,0,2,1,0,1,7,.188,.235,.250,.485,39,.231,29,4,0,0,0,0,0,/56HD,,workmga01
428,Gage Workman,25,CHC,NL,-0.2,9,15,14,0,3,1,0,0,2,1,0,1,6,.214,.267,.286,.552,57,.262,49,4,0,0,0,0,0,/56DH,,workmga01
428,Gage Workman,25,CHW,AL,-0.1,3,2,2,0,0,0,0,0,0,0,0,0,1,.000,.000,.000,.000,-100,.000,-127,0,0,0,0,0,0,/56H,,workmga01
429,Jorge Barrosa,24,ARI,NL,-0.1,5,16,15,1,3,2,0,0,4,0,0,0,5,.200,.188,.333,.521,42,.215,22,5,0,0,0,1,0,/87DH,,barrojo01
430,Tyler Freeman,26,COL,NL,-0.4,7,16,11,4,1,0,0,0,1,1,0,2,3,.091,.313,.091,.403,17,.252,32,1,1,2,0,1,0,/4HD,,freemty01
431,Tirso Ornelas,25,SDP,NL,-0.3,7,16,14,0,1,0,0,0,1,0,0,2,2,.071,.188,.071,.259,-23,.145,-26,1,1,0,0,0,0,/7H8D,,ornelti01
432,Jurickson Profar,32,ATL,NL,-0.3,4,16,15,2,3,0,0,0,0,0,0,1,3,.200,.250,.200,.450,28,.214,22,3,0,0,0,0,0,/7,,profaju01
433,Ezequiel Durán,26,TEX,AL,-0.3,7,15,14,0,0,0,0,0,1,0,0,0,4,.000,.000,.000,.000,-100,.000,-125,0,0,0,0,1,0,/51346H,,duranez01
434,Matt Gorski,27,PIT,NL,-0.1,6,15,15,1,4,0,1,1,1,0,0,0,4,.267,.267,.600,.867,135,.364,130,9,1,0,0,0,0,/3H7,,gorskma01
435,Dylan Carlson,26,BAL,AL,-0.1,9,14,12,1,0,0,0,0,2,0,0,1,6,.000,.071,.000,.071,-77,.049,-86,0,0,0,0,1,0,/7H89,,carlsdy01
436,Nicky Lopez,30,2TM,2LG,-0.3,9,14,13,1,0,0,0,0,0,0,0,1,3,.000,.071,.000,.071,-77,.050,-92,0,1,0,0,0,0,/56H147D,,lopezni01
436,Nicky Lopez,30,LAA,AL,-0.1,4,6,6,0,0,0,0,0,0,0,0,0,1,.000,.000,.000,.000,-100,.000,-130,0,0,0,0,0,0,/5167,,lopezni01
436,Nicky Lopez,30,CHC,NL,-0.2,5,8,7,1,0,0,0,0,0,0,0,1,2,.000,.125,.000,.125,-61,.088,-65,0,1,0,0,0,0,/5H46D,,lopezni01
437,Tyler Stephenson,28,CIN,NL,0.2,3,12,10,3,3,2,0,1,3,0,0,2,3,.300,.417,.800,1.217,225,.498,220,8,0,0,0,0,0,/D2,,stephty01
438,Mike Tauchman,34,CHW,AL,0.2,3,12,10,1,4,0,0,0,0,0,0,2,2,.400,.500,.400,.900,165,.416,175,4,0,0,0,0,0,/9,,tauchmi01
439,David Villar,28,SFG,NL,0.0,3,11,9,3,2,1,0,0,0,0,0,2,1,.222,.364,.333,.697,105,.325,110,3,1,0,0,0,0,/35,,villada01
440,Nick Ahmed,35,TEX,AL,0.1,5,10,9,1,0,0,0,0,0,1,0,1,3,.000,.100,.000,.100,-67,.185,-7,0,1,0,0,0,0,/6,,ahmedni01
441,Jose Barrero,27,STL,NL,0.0,5,10,9,1,1,0,0,0,0,0,0,0,3,.111,.200,.111,.311,-10,.164,-13,1,0,1,0,0,0,/468,,garcijo02
442,Gustavo Campero,27,LAA,AL,0.0,4,10,9,1,2,0,0,0,0,1,0,1,2,.222,.300,.222,.522,52,.265,45,2,0,0,0,0,0,/79H,,campegu01
443,Jacob Hurtubise,27,CIN,NL,0.0,9,10,7,2,1,0,0,0,0,0,0,1,4,.143,.400,.143,.543,58,.308,85,1,0,2,0,0,0,/H79,,hurtuja01
444,Connor Joe,32,SDP,NL,-0.2,7,10,9,0,0,0,0,0,0,0,0,1,6,.000,.100,.000,.100,-69,.070,-80,0,0,0,0,0,0,/H378D,,joeco01
445,Coco Montes,28,TBR,AL,0.1,5,10,10,0,2,0,0,0,1,0,0,0,3,.200,.200,.200,.400,16,.180,4,2,0,0,0,0,0,/457,,monteco01
446,Omar Narváez,33,CHW,AL,0.1,4,10,7,1,2,0,0,0,3,0,0,2,1,.286,.400,.286,.686,103,.309,97,2,0,0,0,1,0,/2,,narvaom01
447,J.D. Davis,32,LAA,AL,-0.2,5,9,9,0,1,0,0,0,0,0,0,0,3,.111,.111,.111,.222,-36,.100,-58,1,0,0,0,0,0,/3H5,,davisjd01
448,Emmanuel Rivera,29,BAL,AL,0.0,3,9,8,1,2,0,0,0,1,0,0,1,2,.250,.333,.250,.583,75,.277,79,2,0,0,0,0,0,/53,,riverem01
449,Samad Taylor,26,SEA,AL,-0.1,3,9,8,1,1,0,0,0,0,0,0,0,1,.125,.125,.125,.250,-25,.100,-63,1,0,0,1,0,0,/98,,taylosa04
450,Weston Wilson,30,PHI,NL,0.1,3,9,9,2,3,0,0,1,3,0,0,0,3,.333,.333,.667,1.000,171,.429,175,6,1,0,0,0,0,/73,,wilsowe01
451,Vidal Bruján,27,CHC,NL,-0.1,9,8,8,1,2,1,0,0,0,1,1,0,2,.250,.250,.375,.625,75,.227,60,3,0,0,0,0,0,/H579D,,brujavi01
452,Braxton Fulford,26,COL,NL,-0.1,4,8,8,1,1,0,0,1,1,0,0,0,5,.125,.125,.500,.625,60,.256,45,4,0,0,0,0,0,/2H,,fulfobr01
453,Cal Stevenson,28,PHI,NL,-0.2,5,8,8,0,2,0,0,0,1,0,0,0,2,.250,.250,.250,.500,41,.215,22,2,0,0,0,0,0,/8H,,steveca01
454,Rob Brantly,35,MIA,NL,0.0,3,7,7,0,3,0,0,0,1,0,0,0,1,.429,.429,.429,.857,136,.375,133,3,0,0,0,0,0,/2,,brantro01
455,Daz Cameron,28,MIL,NL,0.0,5,7,6,1,1,0,0,0,1,1,0,1,2,.167,.286,.167,.452,31,.266,35,1,0,0,0,0,0,/9H,,camerda01
456,Tsung-Che Cheng,23,PIT,NL,0.0,3,7,7,0,0,0,0,0,0,0,1,0,3,.000,.000,.000,.000,-100,.058,-35,0,0,0,0,0,0,/64,,chengts01
457,Blaine Crim,28,TEX,AL,-0.1,2,7,5,1,0,0,0,0,0,0,0,1,4,.000,.286,.000,.286,-7,.202,22,0,0,1,0,0,0,/3,,crimbl01
458,Owen Miller,28,COL,NL,0.1,3,7,5,0,1,0,0,0,0,0,0,2,1,.200,.429,.200,.629,78,.330,99,1,0,0,0,0,0,/4,,milleow01
459,Jorbit Vivas,24,NYY,AL,0.1,3,7,5,1,1,0,0,0,2,0,0,2,1,.200,.429,.200,.629,89,.326,108,1,0,0,0,0,0,/4H,,vivasjo01
460,Eddie Rosario,33,2TM,NL,0.0,3,7,7,0,1,0,0,0,0,0,0,0,1,.143,.143,.143,.286,-19,.130,-35,1,0,0,0,0,0,/D9,,rosared01
460,Eddie Rosario,33,LAD,NL,0.0,2,4,4,0,1,0,0,0,0,0,0,0,0,.250,.250,.250,.500,44,.227,37,1,0,0,0,0,0,/D,,rosared01
460,Eddie Rosario,33,ATL,NL,0.1,1,3,3,0,0,0,0,0,0,0,0,0,1,.000,.000,.000,.000,-100,.000,-132,0,0,0,0,0,0,/9,,rosared01
461,Luis Campusano,26,SDP,NL,0.0,2,6,3,0,0,0,0,0,0,0,0,3,0,.000,.500,.000,.500,56,.351,121,0,0,0,0,0,0,/D,,campulu01
462,Coby Mayo,23,BAL,AL,-0.1,2,6,5,0,0,0,0,0,0,0,0,1,2,.000,.167,.000,.167,-45,.115,-38,0,0,0,0,0,0,/5H,,mayoco01
463,Jonathan Ornelas,25,TEX,AL,0.0,4,6,5,0,0,0,0,0,0,0,0,1,3,.000,.167,.000,.167,-46,.115,-41,0,0,0,0,0,0,/64,,orneljo01
464,Rhylan Thomas,25,SEA,AL,0.0,2,6,5,1,1,1,0,0,2,0,0,0,0,.200,.167,.400,.567,63,.361,145,2,0,0,0,1,0,/79,,thomarh01
465,Chadwick Tromp,30,ATL,NL,-0.2,2,6,5,0,0,0,0,0,0,0,0,1,2,.000,.167,.000,.167,-48,.117,-49,0,1,0,0,0,0,/2,,trompch01
466,Tyler Callihan,25,CIN,NL,0.0,3,5,5,0,1,0,0,0,1,0,0,0,1,.200,.200,.200,.400,11,.182,-5,1,0,0,0,0,0,/74,,callity01
467,Maverick Handley,27,BAL,AL,0.0,2,5,4,0,0,0,0,0,0,0,0,0,2,.000,.200,.000,.200,-34,.144,-16,0,0,1,0,0,0,/2,,handlma01
468,Mason McCoy,30,SDP,NL,-0.2,4,5,5,0,0,0,0,0,0,0,0,0,3,.000,.000,.000,.000,-100,.000,-130,0,0,0,0,0,0,/H4D,,mccoyma01
469,Johnathan Rodríguez,25,CLE,AL,-0.1,4,5,5,0,0,0,0,0,0,0,0,0,3,.000,.000,.000,.000,-100,.000,-127,0,0,0,0,0,0,/7HD,,rodrijo10
470,Tyler Tolbert,27,KCR,AL,0.1,13,5,5,3,0,0,0,0,0,6,0,0,2,.000,.000,.000,.000,-100,.303,-122,0,0,0,0,0,0,H/789D4,,tolbety01
471,Ji Hwan Bae,25,PIT,NL,-0.1,2,4,4,0,0,0,0,0,0,0,0,0,3,.000,.000,.000,.000,-100,.000,-128,0,0,0,0,0,0,/7DH,,baeji01
472,Tucker Barnhart,34,TEX,AL,-0.1,2,4,4,0,0,0,0,0,0,0,0,0,2,.000,.000,.000,.000,-100,.000,-123,0,0,0,0,0,0,/12H,,barnhtu01
473,Will Benson,27,CIN,NL,0.0,1,4,4,0,0,0,0,0,0,0,0,0,4,.000,.000,.000,.000,-100,.000,-133,0,0,0,0,0,0,/7,,bensowi01
474,Jonatan Clase,23,TOR,AL,-0.1,1,4,4,0,0,0,0,0,0,0,0,0,1,.000,.000,.000,.000,-100,.000,-127,0,0,0,0,0,0,/7,,clasejo01
475,Trey Lipscomb,25,WSN,NL,0.1,3,4,4,1,2,0,0,0,0,0,0,0,1,.500,.500,.500,1.000,187,.430,180,2,0,0,0,0,0,/356H,,lipsctr01
476,Luke Maile,34,KCR,AL,0.1,1,4,3,1,1,0,0,1,1,0,0,1,0,.333,.500,1.333,1.833,398,.691,370,4,0,0,0,0,0,/2,,mailelu01
477,Richie Palacios,28,TBR,AL,0.2,1,4,4,1,3,1,0,0,0,1,0,0,0,.750,.750,1.000,1.750,399,.830,430,4,0,0,0,0,0,/79,,palacri01
478,Dominic Canzone,27,SEA,AL,-0.1,2,3,3,0,0,0,0,0,0,0,0,0,2,.000,.000,.000,.000,-100,.000,-118,0,0,0,0,0,0,/H9,,canzodo01
479,Hunter Feduccia,28,LAD,NL,0.0,2,3,2,0,0,0,0,0,0,0,0,1,1,.000,.333,.000,.333,6,.234,41,0,0,0,0,0,0,/H3,,feduchu01
480,Nick Gonzales,26,PIT,NL,0.1,1,3,3,1,1,0,0,1,2,0,0,0,2,.333,.333,1.333,1.667,341,.682,359,4,0,0,0,0,0,/4,,gonzani01
481,Josh Rojas,31,CHW,AL,0.0,1,3,2,0,0,0,0,0,1,0,0,1,1,.000,.333,.000,.333,8,.230,42,0,0,0,0,0,0,/5,,rojasjo01
482,Brett Wisely,26,SFG,NL,-0.1,2,3,3,0,0,0,0,0,0,0,1,0,1,.000,.000,.000,.000,-100,-0.169,-121,0,0,0,0,0,0,/4DH,,wiselbr01
483,Greg Jones,27,CHW,AL,0.0,3,2,2,0,0,0,0,0,0,1,0,0,2,.000,.000,.000,.000,-100,.126,-123,0,0,0,0,0,0,/H9,,jonesgr02
484,Josh Lowe,27,TBR,AL,0.2,1,2,2,0,1,0,0,0,0,0,0,0,0,.500,.500,.500,1.000,190,.451,200,1,0,0,0,0,0,/9,,lowejo01
485,Dairon Blanco,32,KCR,AL,0.0,3,1,1,2,0,0,0,0,0,2,0,0,0,.000,.000,.000,.000,-100,1.411,536,0,0,0,0,0,0,/H,,blancda02
486,Niko Kavadas,26,LAA,AL,0.0,1,1,1,0,0,0,0,0,0,0,0,0,0,.000,.000,.000,.000,-100,.000,-127,0,0,0,0,0,0,/3H,,kavadni01
487,Ryne Nelson,27,ARI,NL,0.0,1,1,1,1,1,0,0,0,1,0,0,0,0,1.000,1.000,1.000,2.000,462,.909,536,1,0,0,0,0,0,/1H,,nelsory01
488,Colin Rea,34,CHC,NL,0.0,1,1,1,0,0,0,0,0,0,0,0,0,1,.000,.000,.000,.000,-100,.000,-136,0,0,0,0,0,0,/1,,reaco01
489,Abraham Toro,28,BOS,AL,0.0,1,1,1,0,0,0,0,0,0,0,0,0,0,.000,.000,.000,.000,-100,.000,-127,0,0,0,0,0,0,/H,,toroab01
490,Jake Bird,29,COL,NL,0.0,1,0,0,0,0,0,0,0,0,0,0,0,0,.000,.000,.000,.000,.000,.000,.000,0,0,0,0,0,0,1,,birdja01
491,Matt Bowman,34,BAL,AL,0.0,1,0,0,0,0,0,0,0,0,0,0,0,0,.000,.000,.000,.000,.000,.000,.000,0,0,0,0,0,0,1,,bowmama01
492,Angel Chivilli,22,COL,NL,0.0,1,0,0,0,0,0,0,0,0,0,0,0,0,.000,.000,.000,.000,.000,.000,.000,0,0,0,0,0,0,1,,chivian01
493,Emmanuel Clase,27,CLE,AL,0.0,1,0,0,0,0,0,0,0,0,0,0,0,0,.000,.000,.000,.000,.000,.000,.000,0,0,0,0,0,0,1,,claseem01
494,Jhoan Durán,27,MIN,AL,0.0,1,0,0,0,0,0,0,0,0,0,0,0,0,.000,.000,.000,.000,.000,.000,.000,0,0,0,0,0,0,1,,duranjh01
495,Ryan Helsley,30,STL,NL,0.0,1,0,0,0,0,0,0,0,0,0,0,0,0,.000,.000,.000,.000,.000,.000,.000,0,0,0,0,0,0,1,,helslry01
496,Jeff Hoffman,32,TOR,AL,0.0,1,0,0,0,0,0,0,0,0,0,0,0,0,.000,.000,.000,.000,.000,.000,.000,0,0,0,0,0,0,1,,hoffmje02
497,Drey Jameson,27,ARI,NL,0.0,1,0,0,0,0,0,0,0,0,0,0,0,0,.000,.000,.000,.000,.000,.000,.000,0,0,0,0,0,0,/1,,jamesdr01
498,Tommy Kahnle,35,DET,AL,0.0,1,0,0,0,0,0,0,0,0,0,0,0,0,.000,.000,.000,.000,.000,.000,.000,0,0,0,0,0,0,1,,kahnlto01
499,Hyeseong Kim,26,LAD,NL,0.0,2,0,0,0,0,0,0,0,0,1,0,0,0,.000,.000,.000,.000,.000,.000,.000,0,0,0,0,0,0,/4H,,kimhy02
500,Joe Mantiply,34,ARI,NL,0.0,1,0,0,0,0,0,0,0,0,0,0,0,0,.000,.000,.000,.000,.000,.000,.000,0,0,0,0,0,0,/1,,mantijo01
501,Justin Martínez,23,ARI,NL,0.0,2,0,0,0,0,0,0,0,0,0,0,0,0,.000,.000,.000,.000,.000,.000,.000,0,0,0,0,0,0,1,,martiju01
502,Phil Maton,32,STL,NL,0.0,1,0,0,0,0,0,0,0,0,0,0,0,0,.000,.000,.000,.000,.000,.000,.000,0,0,0,0,0,0,1,,matonph01
503,Tyler Matzek,34,NYY,AL,0.0,1,0,0,0,0,0,0,0,0,0,0,0,0,.000,.000,.000,.000,.000,.000,.000,0,0,0,0,0,0,/1,,matzety01
504,Juan Mejia,24,COL,NL,0.0,2,0,0,0,0,0,0,0,0,0,0,0,0,.000,.000,.000,.000,.000,.000,.000,0,0,0,0,0,0,/1,,mejiaju01
505,Shelby Miller,34,ARI,NL,0.0,1,0,0,0,0,0,0,0,0,0,0,0,0,.000,.000,.000,.000,.000,.000,.000,0,0,0,0,0,0,1,,millesh01
506,Hoby Milner,34,TEX,AL,0.0,1,0,0,0,0,0,0,0,0,0,0,0,0,.000,.000,.000,.000,.000,.000,.000,0,0,0,0,0,0,1,,milneho01
507,Tyler Owens,24,DET,AL,0.0,1,0,0,0,0,0,0,0,0,0,0,0,0,.000,.000,.000,.000,.000,.000,.000,0,0,0,0,0,0,/1,,owensty01
508,Andre Pallante,26,STL,NL,0.0,1,0,0,0,0,0,0,0,0,0,0,0,0,.000,.000,.000,.000,.000,.000,.000,0,0,0,0,0,0,/1,,pallaan01
509,A.J. Puk,30,ARI,NL,0.0,2,0,0,0,0,0,0,0,0,0,0,0,0,.000,.000,.000,.000,.000,.000,.000,0,0,0,0,0,0,/1,,pukaj01
510,Nick Sandlin,28,TOR,AL,0.0,1,0,0,0,0,0,0,0,0,0,0,0,0,.000,.000,.000,.000,.000,.000,.000,0,0,0,0,0,0,1,,sandlni01
511,Tanner Scott,30,LAD,NL,0.0,1,0,0,0,0,0,0,0,0,0,0,0,0,.000,.000,.000,.000,.000,.000,.000,0,0,0,0,0,0,1,,scottta01
512,Ryan Thompson,33,ARI,NL,0.0,1,0,0,0,0,0,0,0,0,0,0,0,0,.000,.000,.000,.000,.000,.000,.000,0,0,0,0,0,0,1,,thompry02
